resolved,value,raw
InpTF1,PERIOD_H1,16385
InpTF2,PERIOD_H4,16388
InpTF3,PERIOD_D1,16408
InpRangeTF,PERIOD_H4,16388
InpEntryTF,PERIOD_M1,1
InpDirection,SRHTF_BOTH,0
InpMinAgree,3,
InpMaxOppose,0,
InpMinRR,2.00,
InpTPRMult,0.00,
,,
reason,count,pct
no HTF bias,82252,79.43
already exposed,2126,2.05
max trades today,29,0.03
max losses today,52,0.05
spread too wide,0,0.00
no dealing range,0,0.00
wrong side of equilibrium,18323,17.69
no sweep setup,636,0.61
entry inside stops level,1,0.00
sweep already used,70,0.07
SL size out of range,12,0.01
below InpMinRR gate,0,0.00
ATR below floor,0,0.00
blocked by InpDirection,0,0.00
ORDER PLACED,49,0.05
