run,period,filters,trades,net,pf,payoff,dd,dd_pct,win_pct,avg_win,avg_loss,sharpe,folder
W_sl3p0_L8_t25,M15 (2026.01.01 - 2026.09.18),none,180,5769.58,1.55,32.05,3 026.09 (30.09%),30.09,27.78,323.49,-80.04,4.1,results_best_M15
W_sl3p0_L8_cool,M15 (2026.01.01 - 2026.09.18),Cooldown,163,5174.23,1.52,31.74,2 378.08 (26.76%),26.76,29.45,316.12,-86.95,3.79,results_best_M15
W_sl2p5_L8_cool,M15 (2026.01.01 - 2026.09.18),Cooldown,162,4796.11,1.51,29.61,2 209.46 (28.85%),28.85,29.01,300.38,-81.06,4.03,results_best_M15
W_sl2p5_L8_cool,M3 (2026.01.01 - 2026.09.18),Cooldown,895,4762.27,1.25,5.32,2 114.55 (21.57%),21.57,31.51,85.05,-31.36,3.6,results_best_M3
W_sl2p5_L5_cool,M3 (2026.01.01 - 2026.09.18),Cooldown,894,4708.15,1.24,5.27,2 128.05 (20.75%),20.75,31.43,85.16,-31.36,4.46,results_best_M3
W_sl2p5_L8,M15 (2026.01.01 - 2026.09.18),none,197,4628.49,1.45,23.49,2 286.75 (32.97%),32.97,27.41,275.54,-71.68,3.2,results_best_M15
W_sl2p5_L8_vwap,M15 (2026.01.01 - 2026.09.18),Vwap,189,4613.44,1.46,24.41,2 125.25 (30.64%),30.64,27.51,283.34,-73.87,3.22,results_best_M15
W_sl3p0_L5_cool,M15 (2026.01.01 - 2026.09.18),Cooldown,161,4523.02,1.47,28.09,2 427.08 (27.06%),27.06,29.81,295.97,-85.69,3.89,results_best_M15
W_sl2p5_L5,M3 (2026.01.01 - 2026.09.18),none,1214,4317.35,1.18,3.56,3 055.55 (28.77%),28.77,27.51,85.44,-27.52,3.5,results_best_M3
W_sl3p0_L5,M15 (2026.01.01 - 2026.09.18),none,196,4043.48,1.37,20.63,2 850.18 (33.15%),33.15,27.55,276.47,-76.66,3.17,results_best_M15
W_sl3p0_L8,M15 (2026.01.01 - 2026.09.18),none,198,4019.97,1.36,20.3,2 780.67 (34.60%),34.6,27.27,281.88,-77.79,2.61,results_best_M15
W_sl3p0_L8_vwap,M15 (2026.01.01 - 2026.09.18),Vwap,190,4004.92,1.36,21.08,2 779.32 (34.58%),34.58,27.37,290.97,-80.62,2.63,results_best_M15
W_sl3p0_L5_vwap,M15 (2026.01.01 - 2026.09.18),Vwap,188,3946.63,1.37,20.99,2 947.03 (34.27%),34.27,27.66,283.76,-79.48,3.12,results_best_M15
W_sl2p5_L8,M3 (2026.01.01 - 2026.09.18),none,1215,3778.42,1.16,3.11,3 291.05 (33.47%),33.47,27.57,83.57,-27.52,2.49,results_best_M3
W_sl3p0_L5,M3 (2026.01.01 - 2026.09.18),none,1215,3752.65,1.15,3.09,2 568.55 (27.22%),27.22,27.08,89.76,-29.09,2.39,results_best_M3
W_sl3p0_L5_cool,M3 (2026.01.01 - 2026.09.18),Cooldown,893,3367.8,1.16,3.77,1 815.65 (20.23%),20.23,31.24,88.22,-34.6,2.57,results_best_M3
W_sl3p0_L8_all3,M15 (2026.01.01 - 2026.09.18),"Ema50,Vwap,Cooldown",112,3275.45,1.53,29.25,1 046.15 (14.49%),14.49,33.04,256.0,-82.62,2.85,results_best_M15
W_sl3p0_L8,M3 (2026.01.01 - 2026.09.18),none,1218,3254.78,1.13,2.67,2 869.50 (30.45%),30.45,27.09,88.08,-29.07,1.74,results_best_M3
W_sl3p0_L4,M15 (2026.01.01 - 2026.09.18),none,195,3237.35,1.3,16.6,2 484.37 (31.39%),31.39,33.85,211.0,-82.86,3.01,results_best_M15
W_sl2p5_L5_vwap,M5 (2026.01.01 - 2026.09.18),Vwap,323,3230.69,1.32,10.0,1 230.70 (17.70%),17.7,23.84,173.55,-41.19,4.4,results_best_M5
W_sl3p0_L4,M3 (2026.01.01 - 2026.09.18),none,1214,3044.6,1.12,2.51,2 693.20 (28.53%),28.53,30.23,78.13,-30.26,2.58,results_best_M3
W_sl3p0_L8_vwap,M3 (2026.01.01 - 2026.09.18),Vwap,394,2982.81,1.29,7.57,1 003.20 (14.13%),14.13,22.84,148.24,-34.07,3.42,results_best_M3
W_sl2p5_L4,M3 (2026.01.01 - 2026.09.18),none,1214,2942.95,1.12,2.42,2 750.35 (27.93%),27.93,30.4,73.55,-28.64,3.12,results_best_M3
W_sl3p0_L8_cool,M3 (2026.01.01 - 2026.09.18),Cooldown,894,2781.08,1.13,3.11,1 860.75 (21.45%),21.45,31.32,85.58,-34.5,1.82,results_best_M3
W_sl2p5_L5_vwap,M3 (2026.01.01 - 2026.09.18),Vwap,394,2677.5,1.27,6.8,1 635.45 (19.95%),19.95,26.4,120.83,-34.1,5.3,results_best_M3
W_sl3p0_L8_all3,M3 (2026.01.01 - 2026.09.18),"Ema50,Vwap,Cooldown",314,2649.51,1.3,8.44,995.90 (14.11%),14.11,24.52,147.5,-36.74,3.54,results_best_M3
W_sl3p0_L8_ema50_cool,M15 (2026.01.01 - 2026.09.18),"Ema50,Cooldown",116,2575.13,1.37,22.2,1 687.21 (23.57%),23.57,31.9,256.0,-87.3,2.25,results_best_M15
W_sl2p5_L8_ema50,M3 (2026.01.01 - 2026.09.18),Ema50,790,2529.12,1.15,3.2,3 065.30 (42.52%),42.52,27.09,90.87,-29.37,2.4,results_best_M3
W_sl3p0_L5_ema50,M15 (2026.01.01 - 2026.09.18),Ema50,132,2471.78,1.32,18.73,1 962.93 (25.35%),25.35,29.55,259.16,-82.1,2.66,results_best_M15
W_sl3p0_L8_ema50_vwap,M3 (2026.01.01 - 2026.09.18),"Ema50,Vwap",374,2448.31,1.24,6.55,1 594.10 (22.49%),22.49,21.93,154.83,-35.1,2.97,results_best_M3
REF_D3_sl3p0,M5 (2026.01.01 - 2026.09.18),none,737,2401.82,1.15,3.26,1 620.53 (23.63%),23.63,24.56,103.35,-29.32,1.81,results_best_M5
W_sl2p5_L8_vwap,M3 (2026.01.01 - 2026.09.18),Vwap,394,2359.77,1.24,5.99,1 634.80 (20.53%),20.53,26.4,117.77,-34.1,3.59,results_best_M3
W_sl3p0_L5_vwap,M3 (2026.01.01 - 2026.09.18),Vwap,394,2306.9,1.22,5.86,1 497.15 (19.39%),19.39,22.84,140.73,-34.07,3.61,results_best_M3
W_sl2p5_L5_ema50_vwap,M3 (2026.01.01 - 2026.09.18),"Ema50,Vwap",374,2248.5,1.23,6.01,1 893.95 (23.69%),23.69,25.4,125.96,-34.83,4.74,results_best_M3
W_sl2p5_L5_ema50_vwap,M5 (2026.01.01 - 2026.09.18),"Ema50,Vwap",287,2148.02,1.25,7.48,1 269.75 (21.82%),21.82,24.39,154.9,-40.07,3.31,results_best_M5
W_sl2p5_L8_vwap,M5 (2026.01.01 - 2026.09.18),Vwap,325,2003.18,1.2,6.16,1 328.95 (19.86%),19.86,24.0,155.59,-41.02,2.29,results_best_M5
W_sl2p5_L5,M15 (2026.01.01 - 2026.09.18),none,195,1983.03,1.2,10.17,3 006.57 (49.13%),49.13,27.69,221.62,-70.81,1.42,results_best_M15
W_sl2p5_L5_vwap,M15 (2026.01.01 - 2026.09.18),Vwap,187,1967.58,1.2,10.52,3 001.47 (49.05%),49.05,27.81,227.34,-72.99,1.42,results_best_M15
W_sl2p5_L5_cool,M15 (2026.01.01 - 2026.09.18),Cooldown,160,1945.15,1.21,12.16,3 528.63 (53.44%),53.44,29.38,234.05,-80.14,1.68,results_best_M15
W_sl2p5_L8_ema50,M15 (2026.01.01 - 2026.09.18),Ema50,132,1899.77,1.26,14.39,1 742.51 (33.93%),33.93,29.55,232.85,-77.22,1.67,results_best_M15
REF_E3_ladder8R,M3 (2026.01.01 - 2026.09.18),none,1324,1894.37,1.1,1.43,1 016.65 (16.25%),16.25,23.49,64.23,-17.85,1.94,results_best_M3
W_sl2p5_L5_ema50_vwap,M15 (2026.01.01 - 2026.09.18),"Ema50,Vwap",125,1838.17,1.29,14.71,1 604.78 (30.77%),30.77,31.2,210.54,-74.1,1.88,results_best_M15
REF_D3_sl3p0,M15 (2026.01.01 - 2026.09.18),none,246,1696.95,1.16,6.9,4 122.86 (53.12%),53.12,22.76,222.72,-56.71,1.28,results_best_M15
W_sl2p5_L5_ema50,M3 (2026.01.01 - 2026.09.18),Ema50,789,1592.0,1.09,2.02,2 763.10 (39.06%),39.06,27.0,86.89,-29.37,1.94,results_best_M3
W_sl3p0_L5_vwap,M5 (2026.01.01 - 2026.09.18),Vwap,323,1511.76,1.13,4.68,1 851.50 (25.16%),25.16,23.84,172.65,-47.9,1.78,results_best_M5
W_sl2p5_L4,M15 (2026.01.01 - 2026.09.18),none,195,1486.55,1.15,7.62,2 590.61 (43.31%),43.31,32.82,179.06,-76.13,1.37,results_best_M15
W_sl3p0_L8_ema50_vwap,M15 (2026.01.01 - 2026.09.18),"Ema50,Vwap",126,1464.46,1.2,11.62,1 949.71 (30.90%),30.9,29.37,235.44,-81.42,1.2,results_best_M15
REF_00_base,M5 (2026.01.01 - 2026.09.18),none,745,1453.15,1.12,1.95,1 835.00 (23.09%),23.09,24.56,74.87,-21.79,2.19,results_best_M5
REF_00_base,M3 (2026.01.01 - 2026.09.18),none,1294,1344.4,1.08,1.04,1 037.75 (19.99%),19.99,23.72,62.21,-17.99,1.78,results_best_M3
W_sl2p5_L5_ema50,M15 (2026.01.01 - 2026.09.18),Ema50,131,1305.15,1.19,9.96,2 137.80 (40.99%),40.99,30.53,205.51,-75.99,1.34,results_best_M15
W_sl3p0_L8_t25,M3 (2026.01.01 - 2026.09.18),none,949,1257.46,1.06,1.33,1 817.13 (27.79%),27.79,27.29,84.38,-29.85,0.96,results_best_M3
W_sl3p0_L8_ema50_t25,M15 (2026.01.01 - 2026.09.18),Ema50,125,1178.68,1.16,9.43,2 724.19 (41.20%),41.2,29.6,235.56,-85.65,0.99,results_best_M15
W_sl2p5_L4,M5 (2026.01.01 - 2026.09.18),none,686,996.9,1.05,1.45,2 260.60 (31.93%),31.93,29.15,99.53,-38.91,1.08,results_best_M5
REF_E3_ladder8R,M15 (2026.01.01 - 2026.09.18),none,239,907.66,1.11,3.8,2 259.35 (43.73%),43.73,23.85,156.43,-44.01,0.74,results_best_M15
W_sl3p0_L8_ema50,M15 (2026.01.01 - 2026.09.18),Ema50,132,896.29,1.11,6.79,2 517.88 (39.91%),39.91,28.79,229.49,-83.24,0.73,results_best_M15
W_sl2p5_L5_ema50,M5 (2026.01.01 - 2026.09.18),Ema50,449,689.75,1.05,1.54,1 864.40 (32.46%),32.46,23.39,128.39,-37.18,0.79,results_best_M5
W_sl2p5_L5,M5 (2026.01.01 - 2026.09.18),none,686,684.55,1.04,1.0,2 821.50 (40.87%),40.87,23.18,123.37,-35.92,0.58,results_best_M5
REF_E3_ladder8R,M5 (2026.01.01 - 2026.09.18),none,772,539.3,1.04,0.7,2 234.75 (30.39%),30.39,24.48,71.31,-22.19,0.7,results_best_M5
W_sl3p0_L5,M5 (2026.01.01 - 2026.09.18),none,686,526.46,1.03,0.77,3 058.28 (41.97%),41.97,23.62,132.55,-39.98,0.37,results_best_M5
W_sl3p0_L5_ema50,M3 (2026.01.01 - 2026.09.18),Ema50,790,344.3,1.02,0.44,2 657.60 (44.59%),44.59,25.19,93.96,-31.06,0.32,results_best_M3
W_sl2p5_L8,M5 (2026.01.01 - 2026.09.18),none,688,332.66,1.02,0.48,2 853.16 (41.78%),41.78,23.26,120.4,-35.86,0.23,results_best_M5
W_sl3p0_L8_ema50,M3 (2026.01.01 - 2026.09.18),Ema50,792,156.86,1.01,0.2,2 929.90 (50.13%),50.13,25.25,92.56,-31.0,0.12,results_best_M3
W_sl3p0_L8_vwap,M5 (2026.01.01 - 2026.09.18),Vwap,325,104.5,1.01,0.32,2 755.30 (39.97%),39.97,24.0,152.4,-47.7,0.1,results_best_M5
REF_D3_sl3p0,M3 (2026.01.01 - 2026.09.18),none,1240,-7.75,1.0,-0.01,2 046.30 (35.91%),35.91,23.06,76.43,-22.92,-0.01,results_best_M3
W_sl3p0_L8_ema50_t25,M5 (2026.01.01 - 2026.09.18),Ema50,405,-65.71,0.99,-0.16,1 997.50 (33.94%),33.94,25.43,122.15,-41.88,-0.06,results_best_M5
W_sl2p5_L8_ema50,M5 (2026.01.01 - 2026.09.18),Ema50,452,-119.39,0.99,-0.26,2 125.31 (39.93%),39.93,23.45,119.7,-37.02,-0.11,results_best_M5
W_sl3p0_L8,M5 (2026.01.01 - 2026.09.18),none,688,-235.77,0.99,-0.34,3 578.78 (48.37%),48.37,23.69,127.41,-40.01,-0.16,results_best_M5
W_sl3p0_L8_ema50_t25,M3 (2026.01.01 - 2026.09.18),Ema50,708,-330.94,0.98,-0.47,3 103.60 (55.98%),55.98,25.71,91.14,-32.16,-0.27,results_best_M3
W_sl3p0_L5_cool,M5 (2026.01.01 - 2026.09.18),Cooldown,529,-408.68,0.98,-0.77,2 589.20 (43.33%),43.33,25.14,130.85,-44.98,-0.33,results_best_M5
W_sl2p5_L8_cool,M5 (2026.01.01 - 2026.09.18),Cooldown,531,-467.89,0.97,-0.88,2 727.75 (47.91%),47.91,23.92,123.02,-39.83,-0.34,results_best_M5
W_sl3p0_L8_ema50_cool,M3 (2026.01.01 - 2026.09.18),"Ema50,Cooldown",656,-579.49,0.96,-0.88,2 461.25 (43.33%),43.33,27.44,87.13,-34.16,-0.53,results_best_M3
W_sl3p0_L5_ema50,M5 (2026.01.01 - 2026.09.18),Ema50,449,-615.98,0.96,-1.37,2 255.83 (41.18%),41.18,23.83,130.39,-42.6,-0.58,results_best_M5
REF_00_base,M15 (2026.01.01 - 2026.09.18),none,252,-657.0,0.92,-2.61,3 063.05 (57.18%),57.18,23.02,137.01,-44.35,-0.67,results_best_M15
W_sl3p0_L8_ema50_vwap,M5 (2026.01.01 - 2026.09.18),"Ema50,Vwap",289,-664.91,0.94,-2.3,2 797.60 (45.59%),45.59,24.91,133.61,-47.4,-0.67,results_best_M5
W_sl3p0_L8_cool,M5 (2026.01.01 - 2026.09.18),Cooldown,531,-683.34,0.96,-1.29,2 903.24 (46.69%),46.69,25.24,128.24,-45.01,-0.5,results_best_M5
W_sl3p0_L8_all3,M5 (2026.01.01 - 2026.09.18),"Ema50,Vwap,Cooldown",258,-773.26,0.92,-3.0,2 712.15 (43.79%),43.79,25.19,138.56,-50.67,-0.86,results_best_M5
W_sl3p0_L8_ema50_cool,M5 (2026.01.01 - 2026.09.18),"Ema50,Cooldown",398,-887.86,0.94,-2.23,2 870.65 (46.53%),46.53,24.87,129.35,-45.8,-0.77,results_best_M5
W_sl3p0_L8_ema50,M5 (2026.01.01 - 2026.09.18),Ema50,451,-1054.11,0.93,-2.34,3 052.07 (49.93%),49.93,23.95,125.65,-42.64,-0.87,results_best_M5
W_sl3p0_L4,M5 (2026.01.01 - 2026.09.18),none,686,-1078.55,0.95,-1.57,3 245.50 (49.82%),49.82,26.38,109.73,-41.46,-1.02,results_best_M5
W_sl2p5_L5_cool,M5 (2026.01.01 - 2026.09.18),Cooldown,529,-1079.1,0.93,-2.04,2 801.70 (53.72%),53.72,23.82,119.14,-39.93,-0.98,results_best_M5
W_sl3p0_L8_t25,M5 (2026.01.01 - 2026.09.18),none,582,-1265.08,0.93,-2.17,2 831.00 (46.76%),46.76,24.57,111.88,-39.33,-1.03,results_best_M5
