seq,time_server,time_ist,event,symbol,tf,trade_id,direction,exit_mode,ist_session,flip_from,entry_price,init_sl,cur_sl,sl_distance,sl_factor,tp_unit,tp1,tp2,tp3,tp4,tp5,lots_initial,lots_event,lots_remaining,event_price,r_target,r_realized,profit,ema9,ema21,ema50,ema9_prev,ema21_prev,ema21_50_gap_atr,atr,adx,rsi,rsi_m5,macd_main,macd_signal,macd_hist,vwap,close,volume,vol_avg,bull_pct,bear_pct,spread_pts,qfilter_on,qf_flags,mfe_r,mae_r,balance,equity,note
1,2026.01.02 05:45:00,2026.01.02 08:15:00,ENTRY,XAUUSD,M15,2,BUY,FULLTGT,DAY,0,4373.91,4359.77,4359.77,14.14,1.00,14.14,4388.05,4402.19,4416.33,4430.48,4444.62,0.08,0.08,0.08,4373.91,0.00,0.00,0.00,4339.18,4338.92,4355.11,4337.76,4338.21,-2.290,7.07,54.42,76.57,76.03,10.50,8.09,2.40,4351.63,4373.86,2196,1888,100.0,0.0,5,1,CROSS=EMA9>EMA21;TREND=1;STRUCT=1;VOL=1;COOL=1;EMA50=1;VWAP=1;BIAS=1,0.00,0.00,24999.72,24999.32,KZ=ASIA; KZR=no-sweep-yet; DAY 12AM-4PM IST session: stop x1.00 of usual; no partials; full size to TP5; SL steps BE->TP1->TP2->TP3
2,2026.01.02 10:34:29,2026.01.02 13:04:29,TP1_REACHED,XAUUSD,M15,2,BUY,FULLTGT,DAY,0,4373.91,4359.77,4359.77,14.14,1.00,14.14,4388.05,4402.19,4416.33,4430.48,4444.62,0.08,0.00,0.08,4388.05,1.00,1.00,0.00,4359.85,4351.20,4359.01,4358.80,4350.51,-1.397,5.59,43.52,69.12,62.87,7.57,8.23,-0.67,4364.32,4385.40,1795,1921,71.4,14.3,8,1,CROSS=EMA9>EMA21;TREND=1;STRUCT=1;VOL=1;COOL=1;EMA50=1;VWAP=1;BIAS=1,1.00,-0.20,24999.72,25113.00,full target: no partial booked
3,2026.01.02 15:16:40,2026.01.02 17:46:40,TP2_REACHED,XAUUSD,M15,2,BUY,FULLTGT,EVENING,0,4373.91,4359.77,4359.77,14.14,1.00,14.14,4388.05,4402.19,4416.33,4430.48,4444.62,0.08,0.00,0.08,4402.19,2.00,2.00,0.00,4377.15,4364.12,4364.71,4376.22,4363.40,-0.096,6.09,26.78,65.39,61.70,5.35,6.14,-0.79,4373.28,4399.85,2475,1868,85.7,14.3,9,1,CROSS=EMA9>EMA21;TREND=1;STRUCT=1;VOL=1;COOL=1;EMA50=1;VWAP=1;BIAS=1,2.00,-0.20,24999.72,25226.20,full target: no partial booked
4,2026.01.02 16:31:42,2026.01.02 19:01:42,EXIT_SL,XAUUSD,M15,2,BUY,FULLTGT,EVENING,0,4373.91,4359.77,4359.77,14.14,1.00,14.14,4388.05,4402.19,4416.33,4430.48,4444.62,0.08,0.08,0.00,4359.73,0.00,-1.00,-114.00,4375.90,4364.71,4364.98,4376.21,4364.64,-0.030,9.03,25.45,38.24,34.25,-2.16,2.62,-4.78,4373.21,4368.38,3157,2138,14.3,85.7,12,1,CROSS=EMA9>EMA21;TREND=1;STRUCT=1;VOL=1;COOL=1;EMA50=1;VWAP=1;BIAS=1,2.01,-1.00,24886.00,24886.00,stopped at the initial SL (x1.00 of usual)
5,2026.01.02 20:15:00,2026.01.02 22:45:00,SKIP,XAUUSD,M15,2,FLAT,NA,EVENING,0,0.00,0.00,0.00,0.00,1.00,0.00,0.00,0.00,0.00,0.00,0.00,0.00,0.00,0.00,0.00,0.00,0.00,0.00,4355.62,4356.17,4360.41,4357.29,4357.01,-0.363,11.69,39.35,25.56,30.83,-15.10,-14.79,-0.30,4360.25,4314.58,3141,3937,0.0,85.7,5,1,CROSS=EMA9>EMA21;TREND=1;STRUCT=1;VOL=1;COOL=1;EMA50=1;VWAP=1;BIAS=1,0.00,0.00,24886.00,24886.00,outside the killzone window
6,2026.01.05 01:00:00,2026.01.05 03:30:00,DAY_SUMMARY,XAUUSD,M15,2,FLAT,NA,DAY,0,0.00,0.00,0.00,0.00,1.00,0.00,0.00,0.00,0.00,0.00,0.00,0.00,0.00,0.00,0.00,0.00,-1.00,-114.00,4341.59,4347.85,4355.32,4341.95,4348.16,-1.275,5.86,36.58,50.32,65.92,-4.48,-8.08,3.60,4354.01,4332.72,774,2648,42.9,42.9,8,1,CROSS=EMA9>EMA21;TREND=1;STRUCT=1;VOL=1;COOL=1;EMA50=1;VWAP=1;BIAS=1,0.00,0.00,24886.00,24886.00,2026.01.02 trades=1 W=0 L=1 gross_profit=0.00 gross_loss=114.00 net=-114.00 PF=0.00
7,2026.01.05 01:00:00,2026.01.05 03:30:00,WEEK_SUMMARY,XAUUSD,M15,2,FLAT,NA,DAY,0,0.00,0.00,0.00,0.00,1.00,0.00,0.00,0.00,0.00,0.00,0.00,0.00,0.00,0.00,0.00,0.00,-1.00,-114.00,4341.59,4347.85,4355.32,4341.95,4348.16,-1.275,5.86,36.58,50.32,65.92,-4.48,-8.08,3.60,4354.01,4332.72,774,2648,42.9,42.9,8,1,CROSS=EMA9>EMA21;TREND=1;STRUCT=1;VOL=1;COOL=1;EMA50=1;VWAP=1;BIAS=1,0.00,0.00,24886.00,24886.00,days=1 trades=1 W=0 L=1 gross_profit=0.00 gross_loss=114.00 net=-114.00 PF=0.00 pips=-1418.0
8,2026.01.05 03:15:00,2026.01.05 05:45:00,SKIP,XAUUSD,M15,2,FLAT,NA,DAY,0,0.00,0.00,0.00,0.00,1.00,0.00,0.00,0.00,0.00,0.00,0.00,0.00,0.00,0.00,0.00,0.00,0.00,0.00,4353.68,4353.30,4357.50,4351.66,4352.30,-0.349,12.04,57.28,78.26,67.63,15.33,7.66,7.66,4381.81,4403.01,4457,2348,100.0,0.0,10,1,CROSS=EMA9>EMA21;TREND=1;STRUCT=1;VOL=1;COOL=1;EMA50=1;VWAP=1;BIAS=1,0.00,0.00,24886.00,24886.00,outside the killzone window
9,2026.01.07 14:00:00,2026.01.07 16:30:00,SKIP,XAUUSD,M15,2,FLAT,NA,EVENING,0,0.00,0.00,0.00,0.00,1.00,0.00,0.00,0.00,0.00,0.00,0.00,0.00,0.00,0.00,0.00,0.00,0.00,0.00,4465.41,4465.45,4451.95,4466.14,4465.82,2.024,6.67,31.72,34.08,28.69,-2.91,-1.47,-1.44,4467.59,4447.47,2516,1923,0.0,100.0,8,1,CROSS=EMA9>EMA21;TREND=1;STRUCT=1;VOL=1;COOL=1;EMA50=1;VWAP=1;BIAS=1,0.00,0.00,24886.00,24886.00,outside the killzone window
10,2026.01.08 22:15:00,2026.01.09 00:45:00,SKIP,XAUUSD,M15,2,FLAT,NA,DAY,0,0.00,0.00,0.00,0.00,1.00,0.00,0.00,0.00,0.00,0.00,0.00,0.00,0.00,0.00,0.00,0.00,0.00,0.00,4444.68,4444.57,4445.39,4444.13,4444.30,-0.138,5.88,25.95,60.27,62.62,3.82,5.31,-1.49,4438.82,4458.25,2301,2875,71.4,14.3,5,1,CROSS=EMA9>EMA21;TREND=1;STRUCT=1;VOL=1;COOL=1;EMA50=1;VWAP=1;BIAS=1,0.00,0.00,24886.00,24886.00,outside the killzone window
11,2026.01.15 05:15:00,2026.01.15 07:45:00,ENTRY,XAUUSD,M15,4,SELL,FULLTGT,DAY,0,4591.49,4612.42,4612.42,20.93,1.00,20.93,4570.56,4549.63,4528.70,4507.76,4486.83,0.05,0.05,0.05,4591.49,0.00,0.00,0.00,4617.27,4617.65,4606.23,4618.32,4618.18,1.092,10.47,37.71,33.89,36.06,-6.03,-5.08,-0.94,4607.64,4591.50,3377,2771,0.0,100.0,5,1,CROSS=EMA9<EMA21;TREND=1;STRUCT=1;VOL=1;COOL=1;EMA50=1;VWAP=1;BIAS=1,0.00,0.00,24885.82,24885.57,KZ=ASIA; KZR=NY H @ 4638.92 32 bars ago (high taken); DAY 12AM-4PM IST session: stop x1.00 of usual; no partials; full size to TP5; SL steps BE->TP1->TP2->TP3
12,2026.01.15 09:17:38,2026.01.15 11:47:38,EXIT_SL,XAUUSD,M15,4,SELL,FULLTGT,DAY,0,4591.49,4612.42,4612.42,20.93,1.00,20.93,4570.56,4549.63,4528.70,4507.76,4486.83,0.05,0.05,0.00,4612.43,0.00,-1.00,-105.06,4608.04,4612.04,4604.84,4607.98,4612.09,0.859,8.37,26.66,55.91,62.91,-1.08,-4.84,3.77,4602.10,4609.53,2285,2893,71.4,14.3,7,1,CROSS=EMA9<EMA21;TREND=1;STRUCT=1;VOL=1;COOL=1;EMA50=1;VWAP=1;BIAS=1,0.49,-1.00,24780.94,24780.94,stopped at the initial SL (x1.00 of usual)
13,2026.01.15 21:45:00,2026.01.16 00:15:00,SKIP,XAUUSD,M15,4,FLAT,NA,DAY,0,0.00,0.00,0.00,0.00,1.00,0.00,0.00,0.00,0.00,0.00,0.00,0.00,0.00,0.00,0.00,0.00,0.00,0.00,4611.96,4611.91,4607.45,4611.75,4611.81,0.805,5.54,26.54,54.34,49.97,2.32,1.87,0.45,4606.91,4616.89,2165,3141,71.4,14.3,5,1,CROSS=EMA9<EMA21;TREND=1;STRUCT=1;VOL=1;COOL=1;EMA50=1;VWAP=1;BIAS=1,0.00,0.00,24780.94,24780.94,outside the killzone window
14,2026.01.15 22:15:00,2026.01.16 00:45:00,SKIP,XAUUSD,M15,4,FLAT,NA,DAY,0,0.00,0.00,0.00,0.00,1.00,0.00,0.00,0.00,0.00,0.00,0.00,0.00,0.00,0.00,0.00,0.00,0.00,0.00,4611.86,4611.87,4607.52,4612.11,4611.99,0.839,5.18,24.76,41.69,28.83,1.17,2.02,-0.84,4607.00,4605.74,2771,2933,0.0,71.4,7,1,CROSS=EMA9<EMA21;TREND=1;STRUCT=1;VOL=1;COOL=1;EMA50=1;VWAP=1;BIAS=1,0.00,0.00,24780.94,24780.94,outside the killzone window
15,2026.01.16 01:00:00,2026.01.16 03:30:00,DAY_SUMMARY,XAUUSD,M15,4,FLAT,NA,DAY,0,0.00,0.00,0.00,0.00,1.00,0.00,0.00,0.00,0.00,0.00,0.00,0.00,0.00,0.00,0.00,0.00,-1.00,-105.06,4611.71,4611.77,4607.75,4611.54,4611.68,0.759,5.28,23.29,54.35,59.41,0.39,0.32,0.07,4607.06,4615.76,879,2324,57.1,14.3,12,1,CROSS=EMA9<EMA21;TREND=1;STRUCT=1;VOL=1;COOL=1;EMA50=1;VWAP=1;BIAS=1,0.00,0.00,24780.94,24780.94,2026.01.15 trades=1 W=0 L=1 gross_profit=0.00 gross_loss=105.06 net=-105.06 PF=0.00
16,2026.01.19 01:00:00,2026.01.19 03:30:00,WEEK_SUMMARY,XAUUSD,M15,4,FLAT,NA,DAY,0,0.00,0.00,0.00,0.00,1.00,0.00,0.00,0.00,0.00,0.00,0.00,0.00,0.00,0.00,0.00,0.00,-1.00,-105.06,4593.03,4597.85,4601.17,4592.92,4597.89,-0.483,6.87,22.17,54.42,58.89,-0.28,-1.71,1.43,4596.69,4595.65,775,2488,42.9,28.6,11,1,CROSS=EMA9<EMA21;TREND=1;STRUCT=1;VOL=1;COOL=1;EMA50=1;VWAP=1;BIAS=1,0.00,0.00,24780.94,24780.94,days=1 trades=1 W=0 L=1 gross_profit=0.00 gross_loss=105.06 net=-105.06 PF=0.00 pips=-2094.0
17,2026.01.19 02:00:00,2026.01.19 04:30:00,SKIP,XAUUSD,M15,4,FLAT,NA,DAY,0,0.00,0.00,0.00,0.00,1.00,0.00,0.00,0.00,0.00,0.00,0.00,0.00,0.00,0.00,0.00,0.00,0.00,0.00,4604.35,4603.36,4603.84,4601.56,4601.95,-0.034,14.26,40.55,76.71,77.91,17.83,4.58,13.25,4665.67,4672.71,2816,2530,100.0,0.0,12,1,CROSS=EMA9<EMA21;TREND=1;STRUCT=1;VOL=1;COOL=1;EMA50=1;VWAP=1;BIAS=1,0.00,0.00,24780.94,24780.94,outside the killzone window
18,2026.01.22 05:30:00,2026.01.22 08:00:00,SKIP,XAUUSD,M15,4,FLAT,NA,DAY,0,0.00,0.00,0.00,0.00,1.00,0.00,0.00,0.00,0.00,0.00,0.00,0.00,0.00,0.00,0.00,0.00,0.00,0.00,4811.41,4811.56,4782.75,4812.17,4811.94,2.257,12.76,22.48,45.63,52.22,-7.72,-8.66,0.94,4792.55,4792.69,2577,2598,42.9,28.6,12,1,CROSS=EMA9<EMA21;TREND=0;STRUCT=1;VOL=1;COOL=1;EMA50=0;VWAP=0;BIAS=0,0.00,0.00,24780.94,24780.94,already positioned that way
19,2026.01.22 09:30:00,2026.01.22 12:00:00,SKIP,XAUUSD,M15,4,FLAT,NA,DAY,0,0.00,0.00,0.00,0.00,1.00,0.00,0.00,0.00,0.00,0.00,0.00,0.00,0.00,0.00,0.00,0.00,0.00,0.00,4811.94,4811.46,4786.85,4810.90,4810.93,3.187,7.72,47.79,67.98,68.40,7.81,2.47,5.33,4799.99,4837.34,2028,2237,85.7,0.0,11,1,CROSS=EMA9<EMA21;TREND=0;STRUCT=1;VOL=1;COOL=1;EMA50=0;VWAP=0;BIAS=0,0.00,0.00,24780.94,24780.94,outside the killzone window
20,2026.01.29 21:15:00,2026.01.29 23:45:00,SKIP,XAUUSD,M15,4,FLAT,NA,EVENING,0,0.00,0.00,0.00,0.00,1.00,0.00,0.00,0.00,0.00,0.00,0.00,0.00,0.00,0.00,0.00,0.00,0.00,0.00,5406.91,5408.14,5341.52,5411.00,5410.19,1.223,54.50,17.84,42.01,41.88,-34.44,-47.61,13.17,5464.09,5306.84,4866,5059,14.3,57.1,11,1,CROSS=EMA9<EMA21;TREND=0;STRUCT=1;VOL=1;COOL=1;EMA50=0;VWAP=0;BIAS=0,0.00,0.00,24780.94,24780.94,outside the killzone window
21,2026.02.02 01:00:00,2026.02.02 03:30:00,MONTH_SUMMARY,XAUUSD,M15,4,FLAT,NA,DAY,0,0.00,0.00,0.00,0.00,1.00,0.00,0.00,0.00,0.00,0.00,0.00,0.00,0.00,0.00,0.00,0.00,-2.00,-219.06,4975.54,5081.52,5171.81,4979.23,5085.49,-1.628,55.46,23.24,45.82,54.04,-33.49,-39.98,6.48,5082.77,4885.18,2206,4755,28.6,42.9,16,1,CROSS=EMA9<EMA21;TREND=0;STRUCT=1;VOL=1;COOL=1;EMA50=0;VWAP=0;BIAS=0,0.00,0.00,24780.94,24780.94,days=2 trades=2 W=0 L=2 gross_profit=0.00 gross_loss=219.06 net=-219.06 PF=0.00 pips=-3512.0
22,2026.02.03 08:30:00,2026.02.03 11:00:00,SKIP,XAUUSD,M15,4,FLAT,NA,DAY,0,0.00,0.00,0.00,0.00,1.00,0.00,0.00,0.00,0.00,0.00,0.00,0.00,0.00,0.00,0.00,0.00,0.00,0.00,4772.53,4772.49,4858.48,4768.49,4770.49,-3.472,24.77,31.39,65.53,72.06,24.32,21.53,2.80,4800.25,4871.48,4025,3883,100.0,0.0,12,1,CROSS=EMA9<EMA21;TREND=0;STRUCT=1;VOL=1;COOL=1;EMA50=0;VWAP=0;BIAS=0,0.00,0.00,24780.94,24780.94,outside the killzone window
23,2026.02.04 21:45:00,2026.02.05 00:15:00,SKIP,XAUUSD,M15,4,FLAT,NA,DAY,0,0.00,0.00,0.00,0.00,1.00,0.00,0.00,0.00,0.00,0.00,0.00,0.00,0.00,0.00,0.00,0.00,0.00,0.00,4977.99,4978.15,4957.80,4979.44,4978.87,0.611,33.33,31.68,46.31,57.53,-20.52,-30.30,9.78,5005.11,4942.32,3156,4471,28.6,57.1,8,1,CROSS=EMA9<EMA21;TREND=0;STRUCT=1;VOL=1;COOL=1;EMA50=0;VWAP=0;BIAS=0,0.00,0.00,24780.94,24780.94,outside the killzone window
24,2026.02.05 02:30:00,2026.02.05 05:00:00,SKIP,XAUUSD,M15,4,FLAT,NA,DAY,0,0.00,0.00,0.00,0.00,1.00,0.00,0.00,0.00,0.00,0.00,0.00,0.00,0.00,0.00,0.00,0.00,0.00,0.00,4978.22,4977.54,4960.12,4976.68,4976.77,0.845,20.63,47.82,63.40,62.25,14.77,4.65,10.12,5010.02,5015.95,3127,2978,100.0,0.0,8,1,CROSS=EMA9<EMA21;TREND=0;STRUCT=1;VOL=1;COOL=1;EMA50=0;VWAP=0;BIAS=0,0.00,0.00,24780.94,24780.94,outside the killzone window
25,2026.02.05 04:15:00,2026.02.05 06:45:00,SKIP,XAUUSD,M15,4,FLAT,NA,DAY,0,0.00,0.00,0.00,0.00,1.00,0.00,0.00,0.00,0.00,0.00,0.00,0.00,0.00,0.00,0.00,0.00,0.00,0.00,4975.98,4976.58,4960.83,4978.46,4977.82,0.586,26.89,36.78,37.51,25.74,-0.62,10.33,-10.95,4984.50,4915.26,4820,3126,0.0,100.0,8,1,CROSS=EMA9<EMA21;TREND=1;STRUCT=1;VOL=1;COOL=1;EMA50=1;VWAP=1;BIAS=1,0.00,0.00,24780.94,24780.94,already positioned that way
26,2026.02.06 15:15:00,2026.02.06 17:45:00,SKIP,XAUUSD,M15,4,FLAT,NA,EVENING,0,0.00,0.00,0.00,0.00,1.00,0.00,0.00,0.00,0.00,0.00,0.00,0.00,0.00,0.00,0.00,0.00,0.00,0.00,4856.68,4855.64,4875.60,4854.51,4854.54,-1.091,18.29,29.59,64.03,61.12,15.29,13.90,1.38,4818.29,4909.70,4077,2509,100.0,0.0,11,1,CROSS=EMA9<EMA21;TREND=1;STRUCT=1;VOL=1;COOL=1;EMA50=1;VWAP=1;BIAS=1,0.00,0.00,24780.94,24780.94,outside the killzone window
27,2026.02.12 18:15:00,2026.02.12 20:45:00,SKIP,XAUUSD,M15,4,FLAT,NA,EVENING,0,0.00,0.00,0.00,0.00,1.00,0.00,0.00,0.00,0.00,0.00,0.00,0.00,0.00,0.00,0.00,0.00,0.00,0.00,5060.03,5062.03,5054.00,5064.46,5064.26,0.366,21.91,13.69,20.07,15.89,-9.31,-1.59,-7.73,5061.17,4951.50,4150,2580,0.0,85.7,10,1,CROSS=EMA9<EMA21;TREND=1;STRUCT=1;VOL=1;COOL=1;EMA50=1;VWAP=1;BIAS=1,0.00,0.00,24780.94,24780.94,outside the killzone window
28,2026.02.13 20:30:00,2026.02.13 23:00:00,SKIP,XAUUSD,M15,4,FLAT,NA,EVENING,0,0.00,0.00,0.00,0.00,1.00,0.00,0.00,0.00,0.00,0.00,0.00,0.00,0.00,0.00,0.00,0.00,0.00,0.00,4990.67,4990.02,5002.37,4989.37,4989.37,-0.697,17.70,29.21,59.84,55.26,12.81,11.93,0.88,4977.30,5022.52,3043,3655,85.7,0.0,8,1,CROSS=EMA9<EMA21;TREND=1;STRUCT=1;VOL=1;COOL=1;EMA50=1;VWAP=1;BIAS=1,0.00,0.00,24780.94,24780.94,outside the killzone window
29,2026.02.16 16:45:00,2026.02.16 19:15:00,SKIP,XAUUSD,M15,4,FLAT,NA,EVENING,0,0.00,0.00,0.00,0.00,1.00,0.00,0.00,0.00,0.00,0.00,0.00,0.00,0.00,0.00,0.00,0.00,0.00,0.00,5001.23,5001.26,5004.43,5001.74,5001.51,-0.437,7.26,36.69,37.95,35.02,-2.85,-1.33,-1.52,5003.71,4988.80,2034,1477,0.0,100.0,10,1,CROSS=EMA9<EMA21;TREND=1;STRUCT=1;VOL=1;COOL=1;EMA50=1;VWAP=1;BIAS=1,0.00,0.00,24780.94,24780.94,already positioned that way
30,2026.02.18 15:00:00,2026.02.18 17:30:00,SKIP,XAUUSD,M15,4,FLAT,NA,EVENING,0,0.00,0.00,0.00,0.00,1.00,0.00,0.00,0.00,0.00,0.00,0.00,0.00,0.00,0.00,0.00,0.00,0.00,0.00,4917.07,4916.96,4932.52,4916.01,4916.44,-1.787,8.70,27.01,69.49,75.09,2.01,-0.48,2.49,4910.33,4943.03,2199,1679,100.0,0.0,14,1,CROSS=EMA9<EMA21;TREND=1;STRUCT=1;VOL=1;COOL=1;EMA50=1;VWAP=1;BIAS=1,0.00,0.00,24780.94,24780.94,outside the killzone window
31,2026.02.24 16:15:00,2026.02.24 18:45:00,SKIP,XAUUSD,M15,4,FLAT,NA,EVENING,0,0.00,0.00,0.00,0.00,1.00,0.00,0.00,0.00,0.00,0.00,0.00,0.00,0.00,0.00,0.00,0.00,0.00,0.00,5169.02,5169.05,5141.27,5171.63,5170.34,1.978,14.04,41.30,19.53,27.81,-12.82,-5.81,-7.01,5176.66,5104.99,4538,2236,0.0,100.0,11,1,CROSS=EMA9<EMA21;TREND=1;STRUCT=1;VOL=1;COOL=1;EMA50=1;VWAP=1;BIAS=1,0.00,0.00,24780.94,24780.94,already positioned that way
32,2026.02.25 05:15:00,2026.02.25 07:45:00,SKIP,XAUUSD,M15,4,FLAT,NA,DAY,0,0.00,0.00,0.00,0.00,1.00,0.00,0.00,0.00,0.00,0.00,0.00,0.00,0.00,0.00,0.00,0.00,0.00,0.00,5162.94,5162.81,5147.44,5161.99,5162.34,1.158,13.27,22.79,62.03,58.82,9.11,5.94,3.18,5166.09,5186.16,2627,2219,85.7,0.0,5,1,CROSS=EMA9>EMA21;TREND=0;STRUCT=1;VOL=1;COOL=1;EMA50=1;VWAP=1;BIAS=1,0.00,0.00,24780.94,24780.94,quality filter
33,2026.02.26 14:00:00,2026.02.26 16:30:00,SKIP,XAUUSD,M15,4,FLAT,NA,EVENING,0,0.00,0.00,0.00,0.00,1.00,0.00,0.00,0.00,0.00,0.00,0.00,0.00,0.00,0.00,0.00,0.00,0.00,0.00,5183.43,5183.62,5175.35,5184.19,5184.00,1.002,8.25,38.18,34.98,32.74,-4.66,-3.09,-1.57,5183.90,5164.74,1964,2046,0.0,85.7,5,1,CROSS=EMA9>EMA21;TREND=0;STRUCT=1;VOL=1;COOL=1;EMA50=1;VWAP=1;BIAS=1,0.00,0.00,24780.94,24780.94,outside the killzone window
34,2026.02.26 23:15:00,2026.02.27 01:45:00,SKIP,XAUUSD,M15,4,FLAT,NA,DAY,0,0.00,0.00,0.00,0.00,1.00,0.00,0.00,0.00,0.00,0.00,0.00,0.00,0.00,0.00,0.00,0.00,0.00,0.00,5181.92,5181.63,5176.49,5181.32,5181.33,0.563,9.13,32.39,61.27,55.79,5.66,3.64,2.01,5179.81,5196.62,1362,2793,85.7,0.0,5,1,CROSS=EMA9>EMA21;TREND=0;STRUCT=1;VOL=1;COOL=1;EMA50=1;VWAP=1;BIAS=1,0.00,0.00,24780.94,24780.94,outside the killzone window
35,2026.02.27 12:30:00,2026.02.27 15:00:00,SKIP,XAUUSD,M15,4,FLAT,NA,DAY,0,0.00,0.00,0.00,0.00,1.00,0.00,0.00,0.00,0.00,0.00,0.00,0.00,0.00,0.00,0.00,0.00,0.00,0.00,5182.66,5182.82,5179.34,5183.04,5183.01,0.496,7.00,33.99,38.36,41.59,-2.91,-2.29,-0.62,5184.20,5173.46,1878,2089,0.0,85.7,5,1,CROSS=EMA9>EMA21;TREND=0;STRUCT=1;VOL=1;COOL=1;EMA50=1;VWAP=1;BIAS=1,0.00,0.00,24780.94,24780.94,outside the killzone window
36,2026.02.27 15:15:00,2026.02.27 17:45:00,SKIP,XAUUSD,M15,4,FLAT,NA,EVENING,0,0.00,0.00,0.00,0.00,1.00,0.00,0.00,0.00,0.00,0.00,0.00,0.00,0.00,0.00,0.00,0.00,0.00,0.00,5183.62,5183.21,5179.88,5182.42,5182.61,0.430,7.73,28.65,76.54,85.32,2.97,-0.75,3.72,5184.59,5213.01,4235,1802,100.0,0.0,11,1,CROSS=EMA9>EMA21;TREND=0;STRUCT=1;VOL=1;COOL=1;EMA50=1;VWAP=1;BIAS=1,0.00,0.00,24780.94,24780.94,outside the killzone window
37,2026.03.03 11:30:00,2026.03.03 14:00:00,SKIP,XAUUSD,M15,4,FLAT,NA,DAY,0,0.00,0.00,0.00,0.00,1.00,0.00,0.00,0.00,0.00,0.00,0.00,0.00,0.00,0.00,0.00,0.00,0.00,0.00,5330.52,5331.22,5307.02,5334.15,5333.02,1.012,23.91,35.16,22.92,20.41,-17.17,-11.17,-6.01,5335.22,5241.76,4197,3285,0.0,100.0,5,1,CROSS=EMA9>EMA21;TREND=0;STRUCT=1;VOL=1;COOL=1;EMA50=1;VWAP=1;BIAS=1,0.00,0.00,24780.94,24780.94,outside the killzone window
38,2026.03.06 19:30:00,2026.03.06 22:00:00,SKIP,XAUUSD,M15,4,FLAT,NA,EVENING,0,0.00,0.00,0.00,0.00,1.00,0.00,0.00,0.00,0.00,0.00,0.00,0.00,0.00,0.00,0.00,0.00,0.00,0.00,5115.18,5115.15,5130.18,5114.08,5114.60,-0.675,22.28,19.83,58.12,54.03,12.09,12.21,-0.11,5111.55,5142.18,3961,4292,57.1,14.3,5,1,CROSS=EMA9>EMA21;TREND=0;STRUCT=1;VOL=1;COOL=1;EMA50=1;VWAP=1;BIAS=1,0.00,0.00,24780.94,24780.94,outside the killzone window
39,2026.03.09 03:45:00,2026.03.09 06:15:00,SKIP,XAUUSD,M15,4,FLAT,NA,DAY,0,0.00,0.00,0.00,0.00,1.00,0.00,0.00,0.00,0.00,0.00,0.00,0.00,0.00,0.00,0.00,0.00,0.00,0.00,5121.58,5121.69,5130.79,5124.39,5123.08,-0.285,31.91,30.06,29.32,34.75,-23.96,-9.43,-14.53,5096.88,5052.76,3707,3226,14.3,85.7,5,1,CROSS=EMA9<EMA21;TREND=1;STRUCT=1;VOL=1;COOL=1;EMA50=1;VWAP=1;BIAS=1,0.00,0.00,24780.94,24780.94,already positioned that way
40,2026.03.09 23:15:00,2026.03.10 01:45:00,SKIP,XAUUSD,M15,4,FLAT,NA,DAY,0,0.00,0.00,0.00,0.00,1.00,0.00,0.00,0.00,0.00,0.00,0.00,0.00,0.00,0.00,0.00,0.00,0.00,0.00,5106.60,5106.37,5114.38,5105.24,5105.69,-0.691,11.60,46.27,67.54,65.68,10.89,5.63,5.26,5097.44,5139.81,2406,3284,85.7,0.0,5,1,CROSS=EMA9<EMA21;TREND=1;STRUCT=1;VOL=1;COOL=1;EMA50=1;VWAP=1;BIAS=1,0.00,0.00,24780.94,24780.94,outside the killzone window
41,2026.03.11 18:30:00,2026.03.11 21:00:00,SKIP,XAUUSD,M15,4,FLAT,NA,EVENING,0,0.00,0.00,0.00,0.00,1.00,0.00,0.00,0.00,0.00,0.00,0.00,0.00,0.00,0.00,0.00,0.00,0.00,0.00,5188.32,5188.33,5176.21,5188.96,5188.65,0.771,15.73,28.90,43.81,42.83,-3.62,-3.81,0.19,5192.62,5172.70,3632,3306,28.6,71.4,6,1,CROSS=EMA9<EMA21;TREND=1;STRUCT=1;VOL=1;COOL=1;EMA50=1;VWAP=1;BIAS=1,0.00,0.00,24780.94,24780.94,outside the killzone window
42,2026.03.24 23:30:00,2026.03.25 02:00:00,SKIP,XAUUSD,M15,4,FLAT,NA,DAY,0,0.00,0.00,0.00,0.00,1.00,0.00,0.00,0.00,0.00,0.00,0.00,0.00,0.00,0.00,0.00,0.00,0.00,0.00,4401.92,4401.71,4439.64,4399.73,4400.62,-1.674,22.66,16.05,66.56,72.95,3.89,-0.30,4.18,4390.31,4455.51,4320,4279,85.7,0.0,5,1,CROSS=EMA9<EMA21;TREND=1;STRUCT=1;VOL=1;COOL=1;EMA50=1;VWAP=1;BIAS=1,0.00,0.00,24780.94,24780.94,outside the killzone window
43,2026.03.26 09:15:00,2026.03.26 11:45:00,SKIP,XAUUSD,M15,4,FLAT,NA,DAY,0,0.00,0.00,0.00,0.00,1.00,0.00,0.00,0.00,0.00,0.00,0.00,0.00,0.00,0.00,0.00,0.00,0.00,0.00,4516.11,4517.44,4506.79,4519.98,4519.39,0.703,15.15,35.04,17.99,11.05,-17.40,-6.40,-11.00,4510.25,4421.06,4630,2801,0.0,100.0,10,1,CROSS=EMA9<EMA21;TREND=1;STRUCT=1;VOL=1;COOL=1;EMA50=1;VWAP=1;BIAS=1,0.00,0.00,24780.94,24780.94,outside the killzone window
44,2026.03.27 18:15:00,2026.03.27 20:45:00,SKIP,XAUUSD,M15,4,FLAT,NA,EVENING,0,0.00,0.00,0.00,0.00,1.00,0.00,0.00,0.00,0.00,0.00,0.00,0.00,0.00,0.00,0.00,0.00,0.00,0.00,4439.72,4439.62,4451.48,4436.23,4437.89,-0.569,20.84,33.46,80.19,80.12,15.22,3.03,12.19,4433.48,4525.13,4051,3147,100.0,0.0,8,1,CROSS=EMA9<EMA21;TREND=1;STRUCT=1;VOL=1;COOL=1;EMA50=1;VWAP=1;BIAS=1,0.00,0.00,24780.94,24780.94,outside the killzone window
45,2026.04.02 09:15:00,2026.04.02 11:45:00,SKIP,XAUUSD,M15,4,FLAT,NA,DAY,0,0.00,0.00,0.00,0.00,1.00,0.00,0.00,0.00,0.00,0.00,0.00,0.00,0.00,0.00,0.00,0.00,0.00,0.00,4708.36,4710.77,4675.43,4713.56,4713.40,1.778,19.88,43.76,17.49,25.55,-33.65,-26.04,-7.62,4705.52,4580.82,4042,2951,0.0,100.0,11,1,CROSS=EMA9<EMA21;TREND=1;STRUCT=1;VOL=1;COOL=1;EMA50=1;VWAP=1;BIAS=1,0.00,0.00,24780.94,24780.94,outside the killzone window
46,2026.04.06 12:30:00,2026.04.06 15:00:00,SKIP,XAUUSD,M15,4,FLAT,NA,DAY,0,0.00,0.00,0.00,0.00,1.00,0.00,0.00,0.00,0.00,0.00,0.00,0.00,0.00,0.00,0.00,0.00,0.00,0.00,4660.40,4659.63,4657.85,4658.68,4658.76,0.145,12.23,41.07,68.88,68.88,13.97,9.36,4.61,4647.41,4702.63,1995,1974,100.0,0.0,11,1,CROSS=EMA9<EMA21;TREND=1;STRUCT=1;VOL=1;COOL=1;EMA50=1;VWAP=1;BIAS=1,0.00,0.00,24780.94,24780.94,outside the killzone window
47,2026.04.06 23:00:00,2026.04.07 01:30:00,SKIP,XAUUSD,M15,4,FLAT,NA,DAY,0,0.00,0.00,0.00,0.00,1.00,0.00,0.00,0.00,0.00,0.00,0.00,0.00,0.00,0.00,0.00,0.00,0.00,0.00,4664.24,4664.32,4661.80,4664.60,4664.50,0.280,9.00,34.43,44.99,51.20,-5.32,-5.40,0.08,4659.45,4655.42,1856,2422,28.6,57.1,11,1,CROSS=EMA9<EMA21;TREND=1;STRUCT=1;VOL=1;COOL=1;EMA50=1;VWAP=1;BIAS=1,0.00,0.00,24780.94,24780.94,outside the killzone window
48,2026.04.07 13:30:00,2026.04.07 16:00:00,SKIP,XAUUSD,M15,4,FLAT,NA,EVENING,0,0.00,0.00,0.00,0.00,1.00,0.00,0.00,0.00,0.00,0.00,0.00,0.00,0.00,0.00,0.00,0.00,0.00,0.00,4659.13,4659.01,4659.12,4658.76,4658.83,-0.007,15.57,20.37,53.20,44.69,7.08,6.79,0.29,4654.04,4668.22,2997,2789,57.1,28.6,5,1,CROSS=EMA9<EMA21;TREND=1;STRUCT=1;VOL=1;COOL=1;EMA50=1;VWAP=1;BIAS=1,0.00,0.00,24780.94,24780.94,outside the killzone window
49,2026.04.07 14:15:00,2026.04.07 16:45:00,SKIP,XAUUSD,M15,4,FLAT,NA,EVENING,0,0.00,0.00,0.00,0.00,1.00,0.00,0.00,0.00,0.00,0.00,0.00,0.00,0.00,0.00,0.00,0.00,0.00,0.00,4658.06,4658.48,4658.85,4658.97,4658.94,-0.021,17.26,23.77,38.04,26.80,1.46,6.56,-5.11,4653.94,4635.74,3030,2779,0.0,85.7,10,1,CROSS=EMA9<EMA21;TREND=1;STRUCT=1;VOL=1;COOL=1;EMA50=1;VWAP=1;BIAS=1,0.00,0.00,24780.94,24780.94,outside the killzone window
50,2026.04.07 21:15:00,2026.04.07 23:45:00,SKIP,XAUUSD,M15,4,FLAT,NA,EVENING,0,0.00,0.00,0.00,0.00,1.00,0.00,0.00,0.00,0.00,0.00,0.00,0.00,0.00,0.00,0.00,0.00,0.00,0.00,4657.49,4657.48,4658.07,4656.41,4656.94,-0.040,14.71,39.14,61.74,65.52,5.55,1.56,3.99,4653.78,4684.12,2487,3436,85.7,0.0,5,1,CROSS=EMA9<EMA21;TREND=1;STRUCT=1;VOL=1;COOL=1;EMA50=1;VWAP=1;BIAS=1,0.00,0.00,24780.94,24780.94,outside the killzone window
51,2026.04.09 01:15:00,2026.04.09 03:45:00,SKIP,XAUUSD,M15,4,FLAT,NA,DAY,0,0.00,0.00,0.00,0.00,1.00,0.00,0.00,0.00,0.00,0.00,0.00,0.00,0.00,0.00,0.00,0.00,0.00,0.00,4750.57,4750.86,4730.10,4752.13,4751.63,1.556,13.34,30.33,36.56,38.35,-12.63,-14.65,2.01,4718.39,4712.55,1791,2626,14.3,71.4,21,1,CROSS=EMA9<EMA21;TREND=1;STRUCT=1;VOL=1;COOL=1;EMA50=1;VWAP=1;BIAS=1,0.00,0.00,24780.94,24780.94,outside the killzone window
52,2026.04.09 17:00:00,2026.04.09 19:30:00,SKIP,XAUUSD,M15,4,FLAT,NA,EVENING,0,0.00,0.00,0.00,0.00,1.00,0.00,0.00,0.00,0.00,0.00,0.00,0.00,0.00,0.00,0.00,0.00,0.00,0.00,4736.53,4736.33,4729.20,4735.39,4735.76,0.625,11.41,36.96,62.53,61.46,9.51,7.37,2.14,4726.90,4764.53,3742,2379,85.7,14.3,5,1,CROSS=EMA9<EMA21;TREND=1;STRUCT=1;VOL=1;COOL=1;EMA50=1;VWAP=1;BIAS=1,0.00,0.00,24780.94,24780.94,outside the killzone window
53,2026.04.13 01:15:00,2026.04.13 03:45:00,SKIP,XAUUSD,M15,4,FLAT,NA,DAY,0,0.00,0.00,0.00,0.00,1.00,0.00,0.00,0.00,0.00,0.00,0.00,0.00,0.00,0.00,0.00,0.00,0.00,0.00,4758.60,4758.79,4752.49,4761.95,4760.45,0.489,12.87,36.49,15.71,17.63,-9.96,-2.59,-7.37,4682.03,4676.47,3326,2145,0.0,100.0,34,1,CROSS=EMA9<EMA21;TREND=1;STRUCT=1;VOL=1;COOL=1;EMA50=1;VWAP=1;BIAS=1,0.00,0.00,24780.94,24780.94,outside the killzone window
54,2026.04.14 01:15:00,2026.04.14 03:45:00,SKIP,XAUUSD,M15,4,FLAT,NA,DAY,0,0.00,0.00,0.00,0.00,1.00,0.00,0.00,0.00,0.00,0.00,0.00,0.00,0.00,0.00,0.00,0.00,0.00,0.00,4730.27,4730.12,4733.85,4729.52,4729.75,-0.480,7.76,26.78,62.27,67.09,5.09,4.74,0.35,4749.93,4748.68,6168,7084,71.4,14.3,9,1,CROSS=EMA9<EMA21;TREND=1;STRUCT=1;VOL=1;COOL=1;EMA50=1;VWAP=1;BIAS=1,0.00,0.00,24780.94,24780.94,outside the killzone window
55,2026.04.15 22:45:00,2026.04.16 01:15:00,SKIP,XAUUSD,M15,4,FLAT,NA,DAY,0,0.00,0.00,0.00,0.00,1.00,0.00,0.00,0.00,0.00,0.00,0.00,0.00,0.00,0.00,0.00,0.00,0.00,0.00,4807.49,4807.59,4795.69,4807.91,4807.80,1.651,7.21,22.02,43.60,45.08,-3.55,-4.18,0.63,4815.73,4797.15,6419,8066,14.3,57.1,9,1,CROSS=EMA9<EMA21;TREND=1;STRUCT=1;VOL=1;COOL=1;EMA50=1;VWAP=1;BIAS=1,0.00,0.00,24780.94,24780.94,outside the killzone window
56,2026.04.16 03:15:00,2026.04.16 05:45:00,ENTRY,XAUUSD,M15,6,BUY,FULLTGT,DAY,0,4829.93,4817.12,4817.12,12.81,1.00,12.81,4842.74,4855.54,4868.35,4881.16,4893.97,0.09,0.09,0.09,4829.93,0.00,0.00,0.00,4807.33,4807.23,4796.99,4806.42,4806.78,1.601,6.40,40.00,73.62,79.35,4.92,-0.14,5.06,4811.72,4829.84,3975,4041,85.7,0.0,8,1,CROSS=EMA9>EMA21;TREND=1;STRUCT=1;VOL=1;COOL=1;EMA50=1;VWAP=1;BIAS=1,0.00,0.00,24780.62,24779.90,KZ=ASIA; KZR=NY H @ 4830.28 39 bars ago (high taken); DAY 12AM-4PM IST session: stop x1.00 of usual; no partials; full size to TP5; SL steps BE->TP1->TP2->TP3
57,2026.04.16 04:37:24,2026.04.16 07:07:24,EXIT_SL,XAUUSD,M15,6,BUY,FULLTGT,DAY,0,4829.93,4817.12,4817.12,12.81,1.00,12.81,4842.74,4855.54,4868.35,4881.16,4893.97,0.09,0.09,0.00,4817.08,0.00,-1.00,-116.29,4811.23,4809.29,4798.54,4810.72,4809.00,1.307,8.23,45.24,59.65,46.32,7.39,5.14,2.25,4820.45,4823.70,5378,3843,71.4,28.6,14,1,CROSS=EMA9>EMA21;TREND=1;STRUCT=1;VOL=1;COOL=1;EMA50=1;VWAP=1;BIAS=1,0.61,-1.00,24664.65,24664.65,stopped at the initial SL (x1.00 of usual)
58,2026.04.16 18:00:00,2026.04.16 20:30:00,SKIP,XAUUSD,M15,6,FLAT,NA,EVENING,0,0.00,0.00,0.00,0.00,1.00,0.00,0.00,0.00,0.00,0.00,0.00,0.00,0.00,0.00,0.00,0.00,0.00,0.00,4812.87,4813.23,4805.96,4813.85,4813.73,0.597,12.18,23.00,30.56,34.42,-6.14,-2.47,-3.66,4813.50,4788.80,16699,9439,14.3,71.4,10,1,CROSS=EMA9>EMA21;TREND=1;STRUCT=1;VOL=1;COOL=1;EMA50=1;VWAP=1;BIAS=1,0.00,0.00,24664.65,24664.65,outside the killzone window
59,2026.04.17 01:00:00,2026.04.17 03:30:00,DAY_SUMMARY,XAUUSD,M15,6,FLAT,NA,DAY,0,0.00,0.00,0.00,0.00,1.00,0.00,0.00,0.00,0.00,0.00,0.00,0.00,0.00,0.00,0.00,0.00,-1.00,-116.29,4800.36,4805.55,4803.27,4800.75,4805.84,0.408,5.57,24.33,44.86,49.85,-3.46,-4.33,0.86,4807.74,4790.78,1308,6809,14.3,57.1,12,1,CROSS=EMA9>EMA21;TREND=1;STRUCT=1;VOL=1;COOL=1;EMA50=1;VWAP=1;BIAS=1,0.00,0.00,24664.65,24664.65,2026.04.16 trades=1 W=0 L=1 gross_profit=0.00 gross_loss=116.29 net=-116.29 PF=0.00
60,2026.04.17 16:15:00,2026.04.17 18:45:00,SKIP,XAUUSD,M15,6,FLAT,NA,EVENING,0,0.00,0.00,0.00,0.00,1.00,0.00,0.00,0.00,0.00,0.00,0.00,0.00,0.00,0.00,0.00,0.00,0.00,0.00,4800.50,4799.93,4800.09,4797.12,4798.24,-0.013,13.06,41.22,88.15,91.72,13.61,3.44,10.17,4802.09,4883.24,23804,7416,100.0,0.0,10,1,CROSS=EMA9>EMA21;TREND=1;STRUCT=1;VOL=1;COOL=1;EMA50=1;VWAP=1;BIAS=1,0.00,0.00,24664.65,24664.65,already positioned that way
61,2026.04.20 01:00:02,2026.04.20 03:30:02,WEEK_SUMMARY,XAUUSD,M15,6,FLAT,NA,DAY,0,0.00,0.00,0.00,0.00,1.00,0.00,0.00,0.00,0.00,0.00,0.00,0.00,0.00,0.00,0.00,0.00,-1.00,-116.29,4841.39,4827.48,4816.14,4841.76,4827.38,1.488,7.62,40.40,35.78,24.44,-1.44,3.60,-5.04,4833.17,4832.42,2958,6312,14.3,71.4,50,1,CROSS=EMA9>EMA21;TREND=1;STRUCT=1;VOL=1;COOL=1;EMA50=1;VWAP=1;BIAS=1,0.00,0.00,24664.65,24664.65,days=1 trades=1 W=0 L=1 gross_profit=0.00 gross_loss=116.29 net=-116.29 PF=0.00 pips=-1285.0
62,2026.04.20 03:45:00,2026.04.20 06:15:00,ENTRY,XAUUSD,M15,8,SELL,FULLTGT,DAY,0,4764.35,4796.61,4796.61,32.26,1.00,32.26,4732.09,4699.83,4667.57,4635.30,4603.04,0.03,0.03,0.03,4764.35,0.00,0.00,0.00,4815.40,4815.93,4811.26,4817.48,4816.98,0.290,16.13,65.23,27.38,42.37,-24.61,-21.14,-3.47,4767.84,4764.35,5960,7009,0.0,85.7,7,1,CROSS=EMA9<EMA21;TREND=1;STRUCT=1;VOL=1;COOL=1;EMA50=1;VWAP=1;BIAS=1,0.00,0.00,24664.54,24664.33,KZ=ASIA; KZR=Asia H @ 4871.65 238 bars ago (high taken); DAY 12AM-4PM IST session: stop x1.00 of usual; no partials; full size to TP5; SL steps BE->TP1->TP2->TP3
63,2026.04.20 04:23:04,2026.04.20 06:53:04,EXIT_SL,XAUUSD,M15,8,SELL,FULLTGT,DAY,0,4764.35,4796.61,4796.61,32.26,1.00,32.26,4732.09,4699.83,4667.57,4635.30,4603.04,0.03,0.03,0.00,4796.68,0.00,-1.00,-97.21,4812.93,4814.65,4810.71,4813.71,4815.07,0.227,17.41,52.27,46.35,65.89,-20.25,-22.72,2.48,4770.49,4793.80,15885,7552,57.1,42.9,12,1,CROSS=EMA9<EMA21;TREND=1;STRUCT=1;VOL=1;COOL=1;EMA50=1;VWAP=1;BIAS=1,0.14,-1.00,24567.44,24567.44,stopped at the initial SL (x1.00 of usual)
64,2026.04.20 22:15:00,2026.04.21 00:45:00,SKIP,XAUUSD,M15,8,FLAT,NA,DAY,0,0.00,0.00,0.00,0.00,1.00,0.00,0.00,0.00,0.00,0.00,0.00,0.00,0.00,0.00,0.00,0.00,0.00,0.00,4806.23,4806.02,4806.22,4805.65,4805.73,-0.034,5.97,32.32,62.02,67.71,3.12,1.72,1.41,4796.66,4820.50,3599,7862,85.7,0.0,7,1,CROSS=EMA9<EMA21;TREND=1;STRUCT=1;VOL=1;COOL=1;EMA50=1;VWAP=1;BIAS=1,0.00,0.00,24567.44,24567.44,outside the killzone window
65,2026.04.21 01:00:01,2026.04.21 03:30:01,DAY_SUMMARY,XAUUSD,M15,8,FLAT,NA,DAY,0,0.00,0.00,0.00,0.00,1.00,0.00,0.00,0.00,0.00,0.00,0.00,0.00,0.00,0.00,0.00,0.00,-1.00,-97.21,4808.56,4807.29,4806.86,4808.07,4807.02,0.083,5.14,29.72,60.38,64.96,3.13,2.91,0.22,4797.17,4820.66,1617,4193,85.7,0.0,12,1,CROSS=EMA9<EMA21;TREND=1;STRUCT=1;VOL=1;COOL=1;EMA50=1;VWAP=1;BIAS=1,0.00,0.00,24567.44,24567.44,2026.04.20 trades=1 W=0 L=1 gross_profit=0.00 gross_loss=97.21 net=-97.21 PF=0.00
66,2026.04.21 08:00:00,2026.04.21 10:30:00,SKIP,XAUUSD,M15,8,FLAT,NA,DAY,0,0.00,0.00,0.00,0.00,1.00,0.00,0.00,0.00,0.00,0.00,0.00,0.00,0.00,0.00,0.00,0.00,0.00,0.00,4808.48,4808.68,4808.02,4809.27,4809.07,0.109,6.08,64.70,27.62,27.54,-6.98,-4.97,-2.00,4812.69,4789.10,3241,5357,0.0,85.7,12,1,CROSS=EMA9<EMA21;TREND=1;STRUCT=1;VOL=1;COOL=1;EMA50=1;VWAP=1;BIAS=1,0.00,0.00,24567.44,24567.44,outside the killzone window
67,2026.04.24 18:45:00,2026.04.24 21:15:00,SKIP,XAUUSD,M15,8,FLAT,NA,EVENING,0,0.00,0.00,0.00,0.00,1.00,0.00,0.00,0.00,0.00,0.00,0.00,0.00,0.00,0.00,0.00,0.00,0.00,0.00,4701.89,4701.80,4712.87,4700.85,4701.29,-0.854,12.95,18.59,63.00,60.44,9.63,8.39,1.24,4697.87,4727.40,12012,12429,71.4,0.0,10,1,CROSS=EMA9<EMA21;TREND=1;STRUCT=1;VOL=1;COOL=1;EMA50=1;VWAP=1;BIAS=1,0.00,0.00,24567.44,24567.44,outside the killzone window
68,2026.04.27 01:00:01,2026.04.27 03:30:01,WEEK_SUMMARY,XAUUSD,M15,8,FLAT,NA,DAY,0,0.00,0.00,0.00,0.00,1.00,0.00,0.00,0.00,0.00,0.00,0.00,0.00,0.00,0.00,0.00,0.00,-1.00,-97.21,4711.02,4707.58,4714.03,4711.17,4707.59,-1.154,5.59,26.35,40.38,35.12,-1.17,1.76,-2.93,4702.55,4707.26,1357,5595,28.6,57.1,12,1,CROSS=EMA9<EMA21;TREND=1;STRUCT=1;VOL=1;COOL=1;EMA50=1;VWAP=1;BIAS=1,0.00,0.00,24567.44,24567.44,days=1 trades=1 W=0 L=1 gross_profit=0.00 gross_loss=97.21 net=-97.21 PF=0.00 pips=-3233.0
69,2026.04.27 02:45:00,2026.04.27 05:15:00,SKIP,XAUUSD,M15,8,FLAT,NA,DAY,0,0.00,0.00,0.00,0.00,1.00,0.00,0.00,0.00,0.00,0.00,0.00,0.00,0.00,0.00,0.00,0.00,0.00,0.00,4704.06,4704.33,4711.91,4705.17,4704.88,-1.042,7.28,47.42,23.16,28.36,-9.75,-5.59,-4.15,4685.82,4676.95,3198,4357,0.0,85.7,8,1,CROSS=EMA9<EMA21;TREND=1;STRUCT=1;VOL=1;COOL=1;EMA50=1;VWAP=1;BIAS=1,0.00,0.00,24567.44,24567.44,outside the killzone window
70,2026.04.27 06:45:00,2026.04.27 09:15:00,ENTRY,XAUUSD,M15,10,BUY,FULLTGT,DAY,0,4728.44,4709.65,4709.65,18.79,1.00,18.79,4747.23,4766.03,4784.82,4803.62,4822.41,0.06,0.06,0.06,4728.44,0.00,0.00,0.00,4703.69,4703.68,4710.34,4702.69,4703.18,-0.709,9.40,43.40,70.55,74.82,4.97,0.01,4.95,4697.08,4728.39,5171,5807,85.7,0.0,5,1,CROSS=EMA9>EMA21;TREND=1;STRUCT=1;VOL=1;COOL=1;EMA50=1;VWAP=1;BIAS=1,0.00,0.00,24567.23,24566.93,KZ=ASIA; KZR=NY L @ 4689.82 22 bars ago (low taken); DAY 12AM-4PM IST session: stop x1.00 of usual; no partials; full size to TP5; SL steps BE->TP1->TP2->TP3
71,2026.04.27 08:42:24,2026.04.27 11:12:24,EXIT_SL,XAUUSD,M15,10,BUY,FULLTGT,DAY,0,4728.44,4709.65,4709.65,18.79,1.00,18.79,4747.23,4766.03,4784.82,4803.62,4822.41,0.06,0.06,0.00,4709.58,0.00,-1.00,-113.58,4708.56,4706.30,4711.25,4708.17,4706.06,-0.707,7.01,36.60,56.50,31.28,6.35,6.24,0.11,4701.46,4718.21,3968,5765,71.4,14.3,8,1,CROSS=EMA9>EMA21;TREND=1;STRUCT=1;VOL=1;COOL=1;EMA50=1;VWAP=1;BIAS=1,0.09,-1.00,24453.86,24453.86,stopped at the initial SL (x1.00 of usual)
72,2026.04.27 16:45:00,2026.04.27 19:15:00,SKIP,XAUUSD,M15,10,FLAT,NA,EVENING,0,0.00,0.00,0.00,0.00,1.00,0.00,0.00,0.00,0.00,0.00,0.00,0.00,0.00,0.00,0.00,0.00,0.00,0.00,4706.23,4706.30,4709.99,4706.76,4706.56,-0.490,7.53,18.08,36.32,36.08,-3.29,-2.18,-1.12,4704.18,4693.40,15300,6036,0.0,85.7,5,1,CROSS=EMA9<EMA21;TREND=0;STRUCT=1;VOL=1;COOL=1;EMA50=1;VWAP=1;BIAS=1,0.00,0.00,24453.86,24453.86,quality filter
73,2026.04.28 01:00:01,2026.04.28 03:30:01,DAY_SUMMARY,XAUUSD,M15,10,FLAT,NA,DAY,0,0.00,0.00,0.00,0.00,1.00,0.00,0.00,0.00,0.00,0.00,0.00,0.00,0.00,0.00,0.00,0.00,-1.00,-113.58,4688.66,4695.06,4702.66,4688.94,4695.33,-2.066,3.68,22.88,47.38,56.25,-2.36,-3.13,0.77,4696.06,4681.76,1299,4728,28.6,42.9,12,1,CROSS=EMA9<EMA21;TREND=0;STRUCT=1;VOL=1;COOL=1;EMA50=1;VWAP=1;BIAS=1,0.00,0.00,24453.86,24453.86,2026.04.27 trades=1 W=0 L=1 gross_profit=0.00 gross_loss=113.58 net=-113.58 PF=0.00
74,2026.04.30 11:45:00,2026.04.30 14:15:00,SKIP,XAUUSD,M15,10,FLAT,NA,DAY,0,0.00,0.00,0.00,0.00,1.00,0.00,0.00,0.00,0.00,0.00,0.00,0.00,0.00,0.00,0.00,0.00,0.00,0.00,4571.34,4570.48,4588.45,4569.55,4569.58,-1.608,11.17,52.82,76.86,66.31,14.24,8.45,5.79,4574.05,4615.14,8918,6911,85.7,14.3,7,1,CROSS=EMA9<EMA21;TREND=0;STRUCT=1;VOL=1;COOL=1;EMA50=1;VWAP=1;BIAS=1,0.00,0.00,24453.86,24453.86,outside the killzone window
75,2026.05.01 01:00:01,2026.05.01 03:30:01,MONTH_SUMMARY,XAUUSD,M15,10,FLAT,NA,DAY,0,0.00,0.00,0.00,0.00,1.00,0.00,0.00,0.00,0.00,0.00,0.00,0.00,0.00,0.00,0.00,0.00,-3.01,-327.08,4613.73,4602.50,4601.59,4613.40,4602.11,0.161,5.71,17.85,54.01,57.38,0.33,0.54,-0.21,4604.71,4621.76,2159,5781,57.1,14.3,12,1,CROSS=EMA9<EMA21;TREND=0;STRUCT=1;VOL=1;COOL=1;EMA50=1;VWAP=1;BIAS=1,0.00,0.00,24453.86,24453.86,days=3 trades=3 W=0 L=3 gross_profit=0.00 gross_loss=327.08 net=-327.08 PF=0.00 pips=-6404.0
76,2026.05.01 12:00:00,2026.05.01 14:30:00,SKIP,XAUUSD,M15,10,FLAT,NA,DAY,0,0.00,0.00,0.00,0.00,1.00,0.00,0.00,0.00,0.00,0.00,0.00,0.00,0.00,0.00,0.00,0.00,0.00,0.00,4605.08,4605.59,4604.58,4606.55,4606.33,0.122,8.27,70.84,21.83,29.06,-12.83,-9.69,-3.13,4608.50,4569.07,4209,4444,0.0,85.7,7,1,CROSS=EMA9<EMA21;TREND=0;STRUCT=1;VOL=1;COOL=1;EMA50=1;VWAP=1;BIAS=1,0.00,0.00,24453.86,24453.86,outside the killzone window
77,2026.05.01 18:15:00,2026.05.01 20:45:00,SKIP,XAUUSD,M15,10,FLAT,NA,EVENING,0,0.00,0.00,0.00,0.00,1.00,0.00,0.00,0.00,0.00,0.00,0.00,0.00,0.00,0.00,0.00,0.00,0.00,0.00,4602.14,4602.09,4602.42,4600.74,4601.39,-0.021,16.23,34.54,65.46,61.48,13.96,7.48,6.48,4608.01,4636.36,13199,9243,100.0,0.0,10,1,CROSS=EMA9<EMA21;TREND=0;STRUCT=1;VOL=1;COOL=1;EMA50=1;VWAP=1;BIAS=1,0.00,0.00,24453.86,24453.86,outside the killzone window
78,2026.05.04 09:15:00,2026.05.04 11:45:00,SKIP,XAUUSD,M15,10,FLAT,NA,DAY,0,0.00,0.00,0.00,0.00,1.00,0.00,0.00,0.00,0.00,0.00,0.00,0.00,0.00,0.00,0.00,0.00,0.00,0.00,4608.99,4609.22,4607.54,4609.45,4609.45,0.198,8.50,19.46,42.03,42.67,-3.38,-2.21,-1.17,4607.68,4597.59,7951,4625,0.0,85.7,7,1,CROSS=EMA9<EMA21;TREND=0;STRUCT=1;VOL=1;COOL=1;EMA50=1;VWAP=1;BIAS=1,0.00,0.00,24453.86,24453.86,outside the killzone window
79,2026.05.05 17:00:00,2026.05.05 19:30:00,SKIP,XAUUSD,M15,10,FLAT,NA,EVENING,0,0.00,0.00,0.00,0.00,1.00,0.00,0.00,0.00,0.00,0.00,0.00,0.00,0.00,0.00,0.00,0.00,0.00,0.00,4553.59,4553.41,4564.61,4552.53,4552.89,-1.136,9.86,19.10,65.87,61.00,8.02,6.26,1.76,4550.41,4579.45,9090,6675,85.7,0.0,33,1,CROSS=EMA9<EMA21;TREND=0;STRUCT=1;VOL=1;COOL=1;EMA50=1;VWAP=1;BIAS=1,0.00,0.00,24453.86,24453.86,outside the killzone window
80,2026.05.11 02:00:00,2026.05.11 04:30:00,SKIP,XAUUSD,M15,10,FLAT,NA,DAY,0,0.00,0.00,0.00,0.00,1.00,0.00,0.00,0.00,0.00,0.00,0.00,0.00,0.00,0.00,0.00,0.00,0.00,0.00,4715.13,4715.14,4703.70,4716.09,4715.61,1.525,7.50,42.82,32.69,34.01,-6.34,-1.63,-4.71,4689.93,4691.82,3764,4334,14.3,71.4,10,1,CROSS=EMA9<EMA21;TREND=0;STRUCT=1;VOL=1;COOL=1;EMA50=1;VWAP=1;BIAS=1,0.00,0.00,24453.86,24453.86,outside the killzone window
81,2026.05.11 18:45:00,2026.05.11 21:15:00,SKIP,XAUUSD,M15,10,FLAT,NA,EVENING,0,0.00,0.00,0.00,0.00,1.00,0.00,0.00,0.00,0.00,0.00,0.00,0.00,0.00,0.00,0.00,0.00,0.00,0.00,4697.15,4696.70,4695.94,4695.92,4696.08,0.051,14.78,32.28,63.27,51.88,15.21,15.55,-0.34,4691.37,4727.40,5757,8237,71.4,14.3,10,1,CROSS=EMA9<EMA21;TREND=0;STRUCT=1;VOL=1;COOL=1;EMA50=1;VWAP=1;BIAS=1,0.00,0.00,24453.86,24453.86,outside the killzone window
82,2026.05.12 12:45:00,2026.05.12 15:15:00,SKIP,XAUUSD,M15,10,FLAT,NA,DAY,0,0.00,0.00,0.00,0.00,1.00,0.00,0.00,0.00,0.00,0.00,0.00,0.00,0.00,0.00,0.00,0.00,0.00,0.00,4714.13,4714.23,4709.13,4714.89,4714.61,0.645,7.91,19.74,35.21,39.36,-6.95,-8.02,1.07,4723.49,4695.36,6036,5873,14.3,71.4,11,1,CROSS=EMA9<EMA21;TREND=0;STRUCT=1;VOL=1;COOL=1;EMA50=1;VWAP=1;BIAS=1,0.00,0.00,24453.86,24453.86,outside the killzone window
83,2026.05.13 03:45:00,2026.05.13 06:15:00,SKIP,XAUUSD,M15,10,FLAT,NA,DAY,0,0.00,0.00,0.00,0.00,1.00,0.00,0.00,0.00,0.00,0.00,0.00,0.00,0.00,0.00,0.00,0.00,0.00,0.00,4704.26,4704.25,4704.25,4703.60,4703.92,0.000,6.48,70.20,65.67,51.88,7.78,8.36,-0.59,4719.61,4720.50,6242,4279,71.4,28.6,9,1,CROSS=EMA9>EMA21;TREND=1;STRUCT=1;VOL=1;COOL=1;EMA50=1;VWAP=1;BIAS=1,0.00,0.00,24453.86,24453.86,already positioned that way
84,2026.05.13 05:45:00,2026.05.13 08:15:00,ENTRY,XAUUSD,M15,12,SELL,FULLTGT,DAY,0,4694.52,4710.18,4710.18,15.66,1.00,15.66,4678.86,4663.20,4647.54,4631.89,4616.23,0.07,0.07,0.07,4694.52,0.00,0.00,0.00,4704.22,4704.27,4704.27,4704.62,4704.47,-0.000,7.83,53.34,36.54,31.24,-0.35,3.78,-4.14,4713.64,4694.52,4943,4817,0.0,100.0,10,1,CROSS=EMA9<EMA21;TREND=1;STRUCT=1;VOL=1;COOL=1;EMA50=1;VWAP=1;BIAS=1,0.00,0.00,24453.61,24452.91,KZ=ASIA; KZR=NY L @ 4660.00 45 bars ago (low taken); DAY 12AM-4PM IST session: stop x1.00 of usual; no partials; full size to TP5; SL steps BE->TP1->TP2->TP3
85,2026.05.13 09:04:43,2026.05.13 11:34:43,EXIT_SL,XAUUSD,M15,12,SELL,FULLTGT,DAY,0,4694.52,4710.18,4710.18,15.66,1.00,15.66,4678.86,4663.20,4647.54,4631.89,4616.23,0.07,0.07,0.00,4710.20,0.00,-1.00,-110.26,4702.24,4703.11,4703.64,4702.17,4703.09,-0.075,7.14,24.77,51.77,55.63,-1.44,-1.97,0.53,4708.13,4704.06,5012,4484,57.1,28.6,11,1,CROSS=EMA9<EMA21;TREND=1;STRUCT=1;VOL=1;COOL=1;EMA50=1;VWAP=1;BIAS=1,0.42,-1.00,24343.60,24343.60,stopped at the initial SL (x1.00 of usual)
86,2026.05.14 01:00:00,2026.05.14 03:30:00,DAY_SUMMARY,XAUUSD,M15,12,FLAT,NA,DAY,0,0.00,0.00,0.00,0.00,1.00,0.00,0.00,0.00,0.00,0.00,0.00,0.00,0.00,0.00,0.00,0.00,-1.00,-110.26,4692.80,4695.92,4699.04,4692.96,4696.06,-0.524,5.97,21.44,47.14,48.37,-0.97,-1.18,0.21,4696.51,4688.78,1343,4949,14.3,57.1,12,1,CROSS=EMA9<EMA21;TREND=1;STRUCT=1;VOL=1;COOL=1;EMA50=1;VWAP=1;BIAS=1,0.00,0.00,24343.60,24343.60,2026.05.13 trades=1 W=0 L=1 gross_profit=0.00 gross_loss=110.26 net=-110.26 PF=0.00
87,2026.05.14 15:30:00,2026.05.14 18:00:00,SKIP,XAUUSD,M15,12,FLAT,NA,EVENING,0,0.00,0.00,0.00,0.00,1.00,0.00,0.00,0.00,0.00,0.00,0.00,0.00,0.00,0.00,0.00,0.00,0.00,0.00,4695.81,4695.76,4697.47,4695.52,4695.61,-0.223,7.69,14.36,55.89,56.60,1.03,0.42,0.61,4695.13,4703.09,5762,5694,71.4,14.3,9,1,CROSS=EMA9>EMA21;TREND=0;STRUCT=1;VOL=1;COOL=1;EMA50=1;VWAP=1;BIAS=1,0.00,0.00,24343.60,24343.60,quality filter
88,2026.05.14 16:45:00,2026.05.14 19:15:00,SKIP,XAUUSD,M15,12,FLAT,NA,EVENING,0,0.00,0.00,0.00,0.00,1.00,0.00,0.00,0.00,0.00,0.00,0.00,0.00,0.00,0.00,0.00,0.00,0.00,0.00,4695.49,4695.62,4697.32,4696.25,4696.00,-0.168,10.13,17.88,36.66,31.58,-1.00,0.62,-1.62,4694.84,4676.88,15242,6488,0.0,85.7,12,1,CROSS=EMA9<EMA21;TREND=0;STRUCT=1;VOL=1;COOL=1;EMA50=1;VWAP=1;BIAS=1,0.00,0.00,24343.60,24343.60,already positioned that way
89,2026.05.18 01:00:00,2026.05.18 03:30:00,WEEK_SUMMARY,XAUUSD,M15,12,FLAT,NA,DAY,0,0.00,0.00,0.00,0.00,1.00,0.00,0.00,0.00,0.00,0.00,0.00,0.00,0.00,0.00,0.00,0.00,-1.00,-110.26,4557.76,4582.48,4618.10,4558.54,4583.37,-5.201,6.85,20.80,40.54,36.60,-3.23,-0.80,-2.43,4571.81,4538.64,1909,6275,0.0,71.4,12,1,CROSS=EMA9<EMA21;TREND=0;STRUCT=1;VOL=1;COOL=1;EMA50=1;VWAP=1;BIAS=1,0.00,0.00,24343.60,24343.60,days=1 trades=1 W=0 L=1 gross_profit=0.00 gross_loss=110.26 net=-110.26 PF=0.00 pips=-1568.0
90,2026.05.19 02:30:00,2026.05.19 05:00:00,SKIP,XAUUSD,M15,12,FLAT,NA,DAY,0,0.00,0.00,0.00,0.00,1.00,0.00,0.00,0.00,0.00,0.00,0.00,0.00,0.00,0.00,0.00,0.00,0.00,0.00,4556.79,4556.26,4574.97,4555.60,4555.66,-2.299,8.14,50.43,70.84,75.59,8.53,5.42,3.11,4576.94,4585.83,1999,4911,85.7,0.0,5,1,CROSS=EMA9<EMA21;TREND=0;STRUCT=1;VOL=1;COOL=1;EMA50=1;VWAP=1;BIAS=1,0.00,0.00,24343.60,24343.60,outside the killzone window
91,2026.05.19 07:45:00,2026.05.19 10:15:00,SKIP,XAUUSD,M15,12,FLAT,NA,DAY,0,0.00,0.00,0.00,0.00,1.00,0.00,0.00,0.00,0.00,0.00,0.00,0.00,0.00,0.00,0.00,0.00,0.00,0.00,4556.45,4556.77,4571.85,4557.13,4557.11,-1.612,9.36,50.31,35.32,35.84,-6.23,-3.62,-2.61,4562.41,4539.80,2662,4712,0.0,85.7,12,1,CROSS=EMA9<EMA21;TREND=0;STRUCT=1;VOL=1;COOL=1;EMA50=1;VWAP=1;BIAS=1,0.00,0.00,24343.60,24343.60,outside the killzone window
92,2026.05.20 19:45:00,2026.05.20 22:15:00,SKIP,XAUUSD,M15,12,FLAT,NA,EVENING,0,0.00,0.00,0.00,0.00,1.00,0.00,0.00,0.00,0.00,0.00,0.00,0.00,0.00,0.00,0.00,0.00,0.00,0.00,4500.86,4500.75,4516.50,4499.51,4500.08,-1.001,15.73,25.98,62.88,59.08,12.00,9.82,2.18,4492.92,4533.92,7682,11738,85.7,0.0,11,1,CROSS=EMA9<EMA21;TREND=0;STRUCT=1;VOL=1;COOL=1;EMA50=1;VWAP=1;BIAS=1,0.00,0.00,24343.60,24343.60,outside the killzone window
93,2026.05.21 16:45:00,2026.05.21 19:15:00,SKIP,XAUUSD,M15,12,FLAT,NA,EVENING,0,0.00,0.00,0.00,0.00,1.00,0.00,0.00,0.00,0.00,0.00,0.00,0.00,0.00,0.00,0.00,0.00,0.00,0.00,4522.09,4522.36,4524.14,4523.07,4522.85,-0.155,11.44,26.57,33.27,40.30,-7.45,-5.78,-1.67,4526.74,4498.02,18719,9147,0.0,100.0,10,1,CROSS=EMA9<EMA21;TREND=1;STRUCT=1;VOL=1;COOL=1;EMA50=1;VWAP=1;BIAS=1,0.00,0.00,24343.60,24343.60,already positioned that way
94,2026.05.21 21:15:00,2026.05.21 23:45:00,SKIP,XAUUSD,M15,12,FLAT,NA,EVENING,0,0.00,0.00,0.00,0.00,1.00,0.00,0.00,0.00,0.00,0.00,0.00,0.00,0.00,0.00,0.00,0.00,0.00,0.00,4522.50,4522.08,4523.58,4521.54,4521.60,-0.142,10.50,51.25,67.93,63.59,7.44,1.57,5.87,4524.31,4546.08,11944,12843,85.7,0.0,5,1,CROSS=EMA9<EMA21;TREND=1;STRUCT=1;VOL=1;COOL=1;EMA50=1;VWAP=1;BIAS=1,0.00,0.00,24343.60,24343.60,outside the killzone window
95,2026.05.22 12:15:00,2026.05.22 14:45:00,SKIP,XAUUSD,M15,12,FLAT,NA,DAY,0,0.00,0.00,0.00,0.00,1.00,0.00,0.00,0.00,0.00,0.00,0.00,0.00,0.00,0.00,0.00,0.00,0.00,0.00,4526.56,4526.63,4526.28,4526.93,4526.82,0.039,9.07,15.34,42.14,40.18,-1.95,-1.69,-0.26,4526.66,4517.36,5051,5374,0.0,71.4,11,1,CROSS=EMA9<EMA21;TREND=1;STRUCT=1;VOL=1;COOL=1;EMA50=1;VWAP=1;BIAS=1,0.00,0.00,24343.60,24343.60,outside the killzone window
96,2026.05.22 13:15:00,2026.05.22 15:45:00,SKIP,XAUUSD,M15,12,FLAT,NA,DAY,0,0.00,0.00,0.00,0.00,1.00,0.00,0.00,0.00,0.00,0.00,0.00,0.00,0.00,0.00,0.00,0.00,0.00,0.00,4526.71,4526.69,4526.32,4526.42,4526.55,0.050,7.46,17.94,58.23,61.84,-0.04,-1.45,1.40,4526.56,4533.87,4944,5808,71.4,0.0,11,1,CROSS=EMA9<EMA21;TREND=1;STRUCT=1;VOL=1;COOL=1;EMA50=1;VWAP=1;BIAS=1,0.00,0.00,24343.60,24343.60,outside the killzone window
97,2026.05.22 13:30:00,2026.05.22 16:00:00,SKIP,XAUUSD,M15,12,FLAT,NA,EVENING,0,0.00,0.00,0.00,0.00,1.00,0.00,0.00,0.00,0.00,0.00,0.00,0.00,0.00,0.00,0.00,0.00,0.00,0.00,4526.64,4526.66,4526.30,4526.71,4526.69,0.045,7.79,15.56,49.28,47.45,-0.10,-1.26,1.16,4526.58,4524.84,4229,5888,14.3,57.1,11,1,CROSS=EMA9<EMA21;TREND=1;STRUCT=1;VOL=1;COOL=1;EMA50=1;VWAP=1;BIAS=1,0.00,0.00,24343.60,24343.60,outside the killzone window
98,2026.05.25 02:15:00,2026.05.25 04:45:00,SKIP,XAUUSD,M15,12,FLAT,NA,DAY,0,0.00,0.00,0.00,0.00,1.00,0.00,0.00,0.00,0.00,0.00,0.00,0.00,0.00,0.00,0.00,0.00,0.00,0.00,4524.34,4523.64,4524.22,4522.29,4522.61,-0.064,9.17,30.07,77.62,82.65,11.37,2.29,9.08,4555.61,4574.53,4580,5352,85.7,0.0,5,1,CROSS=EMA9<EMA21;TREND=1;STRUCT=1;VOL=1;COOL=1;EMA50=1;VWAP=1;BIAS=1,0.00,0.00,24343.60,24343.60,outside the killzone window
99,2026.05.26 07:15:00,2026.05.26 09:45:00,SKIP,XAUUSD,M15,12,FLAT,NA,DAY,0,0.00,0.00,0.00,0.00,1.00,0.00,0.00,0.00,0.00,0.00,0.00,0.00,0.00,0.00,0.00,0.00,0.00,0.00,4553.71,4553.75,4547.17,4554.38,4554.09,0.985,6.69,26.61,37.73,43.18,-6.76,-8.04,1.28,4548.21,4537.38,2555,5224,14.3,71.4,12,1,CROSS=EMA9<EMA21;TREND=1;STRUCT=1;VOL=1;COOL=1;EMA50=1;VWAP=1;BIAS=1,0.00,0.00,24343.60,24343.60,outside the killzone window
100,2026.05.28 20:00:00,2026.05.28 22:30:00,SKIP,XAUUSD,M15,12,FLAT,NA,EVENING,0,0.00,0.00,0.00,0.00,1.00,0.00,0.00,0.00,0.00,0.00,0.00,0.00,0.00,0.00,0.00,0.00,0.00,0.00,4434.76,4434.24,4454.21,4431.65,4432.69,-1.329,15.03,61.07,84.41,83.18,26.62,22.61,4.01,4422.52,4511.08,7725,12725,85.7,0.0,5,1,CROSS=EMA9<EMA21;TREND=1;STRUCT=1;VOL=1;COOL=1;EMA50=1;VWAP=1;BIAS=1,0.00,0.00,24343.60,24343.60,outside the killzone window
101,2026.06.01 01:00:00,2026.06.01 03:30:00,MONTH_SUMMARY,XAUUSD,M15,12,FLAT,NA,DAY,0,0.00,0.00,0.00,0.00,1.00,0.00,0.00,0.00,0.00,0.00,0.00,0.00,0.00,0.00,0.00,0.00,-1.00,-110.26,4543.06,4524.10,4504.09,4543.14,4523.76,3.381,5.92,40.52,42.62,32.75,-0.90,2.38,-3.28,4534.69,4541.13,994,5307,28.6,57.1,12,1,CROSS=EMA9<EMA21;TREND=1;STRUCT=1;VOL=1;COOL=1;EMA50=1;VWAP=1;BIAS=1,0.00,0.00,24343.60,24343.60,days=1 trades=1 W=0 L=1 gross_profit=0.00 gross_loss=110.26 net=-110.26 PF=0.00 pips=-1568.0
102,2026.06.01 11:30:00,2026.06.01 14:00:00,SKIP,XAUUSD,M15,12,FLAT,NA,DAY,0,0.00,0.00,0.00,0.00,1.00,0.00,0.00,0.00,0.00,0.00,0.00,0.00,0.00,0.00,0.00,0.00,0.00,0.00,4521.18,4521.32,4509.82,4522.21,4521.83,1.387,8.29,37.12,32.56,41.18,-8.16,-7.04,-1.12,4520.89,4496.03,3597,3970,0.0,85.7,8,1,CROSS=EMA9<EMA21;TREND=1;STRUCT=1;VOL=1;COOL=1;EMA50=1;VWAP=1;BIAS=1,0.00,0.00,24343.60,24343.60,outside the killzone window
103,2026.06.02 09:45:00,2026.06.02 12:15:00,SKIP,XAUUSD,M15,12,FLAT,NA,DAY,0,0.00,0.00,0.00,0.00,1.00,0.00,0.00,0.00,0.00,0.00,0.00,0.00,0.00,0.00,0.00,0.00,0.00,0.00,4498.46,4498.20,4499.11,4497.05,4497.50,-0.117,7.78,61.20,73.66,70.80,11.39,8.84,2.55,4497.21,4532.82,5878,4487,85.7,14.3,6,1,CROSS=EMA9<EMA21;TREND=1;STRUCT=1;VOL=1;COOL=1;EMA50=1;VWAP=1;BIAS=1,0.00,0.00,24343.60,24343.60,outside the killzone window
104,2026.06.02 21:15:00,2026.06.02 23:45:00,SKIP,XAUUSD,M15,12,FLAT,NA,EVENING,0,0.00,0.00,0.00,0.00,1.00,0.00,0.00,0.00,0.00,0.00,0.00,0.00,0.00,0.00,0.00,0.00,0.00,0.00,4505.52,4505.92,4504.31,4506.35,4506.34,0.278,5.79,53.18,29.30,40.66,-8.34,-7.45,-0.89,4507.37,4485.24,3267,6633,0.0,85.7,5,1,CROSS=EMA9<EMA21;TREND=1;STRUCT=1;VOL=1;COOL=1;EMA50=1;VWAP=1;BIAS=1,0.00,0.00,24343.60,24343.60,outside the killzone window
105,2026.06.04 13:00:00,2026.06.04 15:30:00,SKIP,XAUUSD,M15,12,FLAT,NA,DAY,0,0.00,0.00,0.00,0.00,1.00,0.00,0.00,0.00,0.00,0.00,0.00,0.00,0.00,0.00,0.00,0.00,0.00,0.00,4462.89,4462.76,4470.29,4462.59,4462.61,-1.023,7.36,23.90,57.28,55.53,0.45,0.19,0.26,4462.53,4470.35,6080,5160,85.7,0.0,7,1,CROSS=EMA9<EMA21;TREND=1;STRUCT=1;VOL=1;COOL=1;EMA50=1;VWAP=1;BIAS=1,0.00,0.00,24343.60,24343.60,outside the killzone window
106,2026.06.05 04:45:00,2026.06.05 07:15:00,SKIP,XAUUSD,M15,12,FLAT,NA,DAY,0,0.00,0.00,0.00,0.00,1.00,0.00,0.00,0.00,0.00,0.00,0.00,0.00,0.00,0.00,0.00,0.00,0.00,0.00,4471.07,4471.24,4473.09,4472.09,4471.74,-0.195,9.50,41.15,27.46,33.32,-6.28,-4.79,-1.48,4461.89,4446.11,5521,3688,0.0,100.0,5,1,CROSS=EMA9<EMA21;TREND=1;STRUCT=1;VOL=1;COOL=1;EMA50=1;VWAP=1;BIAS=1,0.00,0.00,24343.60,24343.60,already positioned that way
107,2026.06.11 23:00:00,2026.06.12 01:30:00,SKIP,XAUUSD,M15,12,FLAT,NA,DAY,0,0.00,0.00,0.00,0.00,1.00,0.00,0.00,0.00,0.00,0.00,0.00,0.00,0.00,0.00,0.00,0.00,0.00,0.00,4115.51,4114.25,4149.58,4111.69,4112.34,-1.749,20.21,44.09,76.40,70.42,30.91,21.09,9.83,4096.87,4208.89,14599,18674,85.7,0.0,11,1,CROSS=EMA9<EMA21;TREND=1;STRUCT=1;VOL=1;COOL=1;EMA50=1;VWAP=1;BIAS=1,0.00,0.00,24343.60,24343.60,outside the killzone window
108,2026.06.17 15:00:00,2026.06.17 17:30:00,SKIP,XAUUSD,M15,12,FLAT,NA,EVENING,0,0.00,0.00,0.00,0.00,1.00,0.00,0.00,0.00,0.00,0.00,0.00,0.00,0.00,0.00,0.00,0.00,0.00,0.00,4329.81,4329.91,4317.43,4330.08,4330.05,2.410,5.18,18.37,41.82,37.89,-0.63,-0.36,-0.26,4331.25,4323.22,4477,4493,0.0,71.4,10,1,CROSS=EMA9<EMA21;TREND=0;STRUCT=1;VOL=1;COOL=1;EMA50=0;VWAP=1;BIAS=1,0.00,0.00,24343.60,24343.60,already positioned that way
109,2026.06.17 16:45:00,2026.06.17 19:15:00,SKIP,XAUUSD,M15,12,FLAT,NA,EVENING,0,0.00,0.00,0.00,0.00,1.00,0.00,0.00,0.00,0.00,0.00,0.00,0.00,0.00,0.00,0.00,0.00,0.00,0.00,4330.42,4330.19,4318.42,4329.95,4329.96,1.998,5.89,16.62,66.06,69.45,1.66,-0.08,1.74,4331.34,4341.84,11246,4983,85.7,0.0,9,1,CROSS=EMA9>EMA21;TREND=0;STRUCT=1;VOL=1;COOL=1;EMA50=1;VWAP=1;BIAS=1,0.00,0.00,24343.60,24343.60,quality filter
110,2026.06.17 22:30:00,2026.06.18 01:00:00,SKIP,XAUUSD,M15,12,FLAT,NA,DAY,0,0.00,0.00,0.00,0.00,1.00,0.00,0.00,0.00,0.00,0.00,0.00,0.00,0.00,0.00,0.00,0.00,0.00,0.00,4330.67,4331.74,4322.04,4334.89,4333.85,0.359,27.04,27.00,26.78,25.53,-18.56,-1.55,-17.02,4321.58,4227.15,31235,17426,0.0,100.0,8,1,CROSS=EMA9>EMA21;TREND=0;STRUCT=1;VOL=1;COOL=1;EMA50=1;VWAP=1;BIAS=1,0.00,0.00,24343.60,24343.60,outside the killzone window
111,2026.06.22 12:30:00,2026.06.22 15:00:00,SKIP,XAUUSD,M15,12,FLAT,NA,DAY,0,0.00,0.00,0.00,0.00,1.00,0.00,0.00,0.00,0.00,0.00,0.00,0.00,0.00,0.00,0.00,0.00,0.00,0.00,4184.26,4184.24,4205.65,4183.45,4183.84,-3.078,6.95,34.96,63.96,61.39,5.24,5.18,0.06,4185.57,4204.11,5084,6237,85.7,0.0,5,1,CROSS=EMA9>EMA21;TREND=0;STRUCT=1;VOL=1;COOL=1;EMA50=1;VWAP=1;BIAS=1,0.00,0.00,24343.60,24343.60,outside the killzone window
112,2026.06.23 04:45:00,2026.06.23 07:15:00,SKIP,XAUUSD,M15,12,FLAT,NA,DAY,0,0.00,0.00,0.00,0.00,1.00,0.00,0.00,0.00,0.00,0.00,0.00,0.00,0.00,0.00,0.00,0.00,0.00,0.00,4187.99,4188.42,4199.08,4189.37,4189.12,-1.270,8.39,19.03,27.39,22.05,-3.88,-0.86,-3.03,4182.80,4154.20,13119,4547,0.0,85.7,5,1,CROSS=EMA9<EMA21;TREND=0;STRUCT=1;VOL=1;COOL=1;EMA50=1;VWAP=1;BIAS=1,0.00,0.00,24343.60,24343.60,already positioned that way
113,2026.06.25 22:00:00,2026.06.26 00:30:00,SKIP,XAUUSD,M15,12,FLAT,NA,DAY,0,0.00,0.00,0.00,0.00,1.00,0.00,0.00,0.00,0.00,0.00,0.00,0.00,0.00,0.00,0.00,0.00,0.00,0.00,4014.65,4014.34,4039.06,4013.83,4013.93,-2.746,9.00,12.99,56.99,51.78,8.39,9.55,-1.16,4003.12,4034.83,6438,14431,57.1,14.3,5,1,CROSS=EMA9<EMA21;TREND=0;STRUCT=1;VOL=1;COOL=1;EMA50=1;VWAP=1;BIAS=1,0.00,0.00,24343.60,24343.60,outside the killzone window
114,2026.06.26 06:30:00,2026.06.26 09:00:00,SKIP,XAUUSD,M15,12,FLAT,NA,DAY,0,0.00,0.00,0.00,0.00,1.00,0.00,0.00,0.00,0.00,0.00,0.00,0.00,0.00,0.00,0.00,0.00,0.00,0.00,4015.88,4016.11,4033.91,4016.71,4016.53,-1.657,10.74,29.90,34.30,38.97,-7.40,-3.83,-3.57,4014.47,3995.42,7980,8226,0.0,85.7,9,1,CROSS=EMA9<EMA21;TREND=1;STRUCT=1;VOL=1;COOL=1;EMA50=1;VWAP=1;BIAS=1,0.00,0.00,24343.60,24343.60,already positioned that way
115,2026.06.26 10:30:00,2026.06.26 13:00:00,SKIP,XAUUSD,M15,12,FLAT,NA,DAY,0,0.00,0.00,0.00,0.00,1.00,0.00,0.00,0.00,0.00,0.00,0.00,0.00,0.00,0.00,0.00,0.00,0.00,0.00,4016.54,4016.19,4031.26,4015.67,4015.75,-1.656,9.09,36.77,66.12,70.96,3.94,-0.05,4.00,4014.86,4037.99,6355,8392,85.7,0.0,10,1,CROSS=EMA9<EMA21;TREND=1;STRUCT=1;VOL=1;COOL=1;EMA50=1;VWAP=1;BIAS=1,0.00,0.00,24343.60,24343.60,outside the killzone window
116,2026.06.29 16:00:00,2026.06.29 18:30:00,SKIP,XAUUSD,M15,12,FLAT,NA,EVENING,0,0.00,0.00,0.00,0.00,1.00,0.00,0.00,0.00,0.00,0.00,0.00,0.00,0.00,0.00,0.00,0.00,0.00,0.00,4051.55,4051.71,4049.03,4051.87,4051.87,0.284,9.40,34.06,47.64,53.89,-4.47,-6.57,2.09,4056.75,4043.62,5505,5935,28.6,57.1,10,1,CROSS=EMA9<EMA21;TREND=1;STRUCT=1;VOL=1;COOL=1;EMA50=1;VWAP=1;BIAS=0,0.00,0.00,24343.60,24343.60,already positioned that way
117,2026.06.30 17:45:00,2026.06.30 20:15:00,SKIP,XAUUSD,M15,12,FLAT,NA,EVENING,0,0.00,0.00,0.00,0.00,1.00,0.00,0.00,0.00,0.00,0.00,0.00,0.00,0.00,0.00,0.00,0.00,0.00,0.00,4019.92,4019.58,4026.21,4018.64,4018.94,-0.538,12.32,28.91,67.84,62.42,7.56,4.48,3.08,4004.83,4051.23,14281,8887,85.7,14.3,10,1,CROSS=EMA9<EMA21;TREND=1;STRUCT=1;VOL=1;COOL=1;EMA50=1;VWAP=1;BIAS=0,0.00,0.00,24343.60,24343.60,outside the killzone window
118,2026.07.01 02:30:00,2026.07.01 05:00:00,SKIP,XAUUSD,M15,12,FLAT,NA,DAY,0,0.00,0.00,0.00,0.00,1.00,0.00,0.00,0.00,0.00,0.00,0.00,0.00,0.00,0.00,0.00,0.00,0.00,0.00,4020.60,4020.77,4025.31,4020.99,4020.97,-0.751,6.04,35.79,39.12,42.36,-4.14,-3.88,-0.26,4014.03,4011.07,2534,3160,0.0,85.7,12,1,CROSS=EMA9<EMA21;TREND=1;STRUCT=1;VOL=1;COOL=1;EMA50=1;VWAP=1;BIAS=0,0.00,0.00,24343.60,24343.60,outside the killzone window
119,2026.07.01 17:00:00,2026.07.01 19:30:00,SKIP,XAUUSD,M15,12,FLAT,NA,EVENING,0,0.00,0.00,0.00,0.00,1.00,0.00,0.00,0.00,0.00,0.00,0.00,0.00,0.00,0.00,0.00,0.00,0.00,0.00,4006.87,4005.39,4012.10,4003.48,4003.68,-0.411,16.32,51.89,81.28,78.51,22.43,14.45,7.97,4006.43,4089.86,26695,10297,85.7,14.3,7,1,CROSS=EMA9<EMA21;TREND=1;STRUCT=1;VOL=1;COOL=1;EMA50=1;VWAP=1;BIAS=0,0.00,0.00,24343.60,24343.60,outside the killzone window
120,2026.07.06 15:45:00,2026.07.06 18:15:00,SKIP,XAUUSD,M15,12,FLAT,NA,EVENING,0,0.00,0.00,0.00,0.00,1.00,0.00,0.00,0.00,0.00,0.00,0.00,0.00,0.00,0.00,0.00,0.00,0.00,0.00,4157.47,4157.57,4138.94,4158.46,4158.06,2.785,6.69,20.58,31.22,22.45,-3.28,-2.73,-0.55,4167.00,4133.38,6424,3662,0.0,85.7,8,1,CROSS=EMA9<EMA21;TREND=0;STRUCT=1;VOL=1;COOL=1;EMA50=1;VWAP=1;BIAS=1,0.00,0.00,24343.60,24343.60,already positioned that way
121,2026.07.07 01:00:00,2026.07.07 03:30:00,SKIP,XAUUSD,M15,12,FLAT,NA,DAY,0,0.00,0.00,0.00,0.00,1.00,0.00,0.00,0.00,0.00,0.00,0.00,0.00,0.00,0.00,0.00,0.00,0.00,0.00,4155.84,4155.67,4142.84,4155.47,4155.49,2.968,4.32,41.94,60.04,60.34,3.92,4.00,-0.08,4159.88,4164.87,853,2979,71.4,14.3,12,1,CROSS=EMA9<EMA21;TREND=0;STRUCT=1;VOL=1;COOL=1;EMA50=1;VWAP=1;BIAS=1,0.00,0.00,24343.60,24343.60,outside the killzone window
122,2026.07.07 04:30:00,2026.07.07 07:00:00,SKIP,XAUUSD,M15,12,FLAT,NA,DAY,0,0.00,0.00,0.00,0.00,1.00,0.00,0.00,0.00,0.00,0.00,0.00,0.00,0.00,0.00,0.00,0.00,0.00,0.00,4155.70,4155.82,4144.64,4156.64,4156.29,1.647,6.79,46.09,26.01,19.37,-3.57,0.67,-4.24,4150.82,4132.70,7582,3137,0.0,100.0,12,1,CROSS=EMA9<EMA21;TREND=1;STRUCT=1;VOL=1;COOL=1;EMA50=1;VWAP=1;BIAS=1,0.00,0.00,24343.60,24343.60,already positioned that way
123,2026.07.07 17:45:00,2026.07.07 20:15:00,SKIP,XAUUSD,M15,12,FLAT,NA,EVENING,0,0.00,0.00,0.00,0.00,1.00,0.00,0.00,0.00,0.00,0.00,0.00,0.00,0.00,0.00,0.00,0.00,0.00,0.00,4147.37,4147.33,4143.23,4147.17,4147.23,0.314,13.06,36.90,50.50,44.12,6.44,8.84,-2.40,4145.56,4152.34,9193,6917,57.1,42.9,10,1,CROSS=EMA9<EMA21;TREND=1;STRUCT=1;VOL=1;COOL=1;EMA50=1;VWAP=1;BIAS=1,0.00,0.00,24343.60,24343.60,outside the killzone window
124,2026.07.07 19:00:00,2026.07.07 21:30:00,SKIP,XAUUSD,M15,12,FLAT,NA,EVENING,0,0.00,0.00,0.00,0.00,1.00,0.00,0.00,0.00,0.00,0.00,0.00,0.00,0.00,0.00,0.00,0.00,0.00,0.00,4147.15,4147.23,4143.38,4147.47,4147.40,0.344,11.21,36.61,42.98,36.01,0.99,5.39,-4.40,4145.78,4139.14,6575,7932,0.0,85.7,5,1,CROSS=EMA9<EMA21;TREND=1;STRUCT=1;VOL=1;COOL=1;EMA50=1;VWAP=1;BIAS=1,0.00,0.00,24343.60,24343.60,outside the killzone window
125,2026.07.09 12:15:00,2026.07.09 14:45:00,SKIP,XAUUSD,M15,12,FLAT,NA,DAY,0,0.00,0.00,0.00,0.00,1.00,0.00,0.00,0.00,0.00,0.00,0.00,0.00,0.00,0.00,0.00,0.00,0.00,0.00,4086.06,4085.99,4097.23,4085.14,4085.53,-1.329,8.46,54.16,65.23,53.56,10.43,10.14,0.29,4082.14,4108.69,3761,5141,85.7,0.0,11,1,CROSS=EMA9<EMA21;TREND=1;STRUCT=1;VOL=1;COOL=1;EMA50=1;VWAP=1;BIAS=1,0.00,0.00,24343.60,24343.60,outside the killzone window
126,2026.07.10 15:45:00,2026.07.10 18:15:00,SKIP,XAUUSD,M15,12,FLAT,NA,EVENING,0,0.00,0.00,0.00,0.00,1.00,0.00,0.00,0.00,0.00,0.00,0.00,0.00,0.00,0.00,0.00,0.00,0.00,0.00,4110.64,4110.77,4109.31,4111.14,4111.02,0.205,7.11,21.16,41.62,40.72,-2.16,-2.49,0.33,4114.51,4098.40,5712,3645,14.3,71.4,8,1,CROSS=EMA9<EMA21;TREND=0;STRUCT=1;VOL=1;COOL=1;EMA50=1;VWAP=1;BIAS=1,0.00,0.00,24343.60,24343.60,already positioned that way
127,2026.07.14 17:00:00,2026.07.14 19:30:00,SKIP,XAUUSD,M15,12,FLAT,NA,EVENING,0,0.00,0.00,0.00,0.00,1.00,0.00,0.00,0.00,0.00,0.00,0.00,0.00,0.00,0.00,0.00,0.00,0.00,0.00,4033.54,4032.87,4047.30,4031.78,4031.99,-0.970,14.87,42.88,66.87,58.38,16.33,9.32,7.01,4030.88,4076.70,15289,9329,85.7,14.3,10,1,CROSS=EMA9<EMA21;TREND=0;STRUCT=1;VOL=1;COOL=1;EMA50=1;VWAP=1;BIAS=1,0.00,0.00,24343.60,24343.60,outside the killzone window
128,2026.07.15 08:30:00,2026.07.15 11:00:00,SKIP,XAUUSD,M15,12,FLAT,NA,DAY,0,0.00,0.00,0.00,0.00,1.00,0.00,0.00,0.00,0.00,0.00,0.00,0.00,0.00,0.00,0.00,0.00,0.00,0.00,4042.95,4043.26,4048.59,4043.68,4043.63,-0.830,6.42,36.63,34.32,33.63,-6.26,-6.03,-0.23,4043.13,4025.08,3930,4992,0.0,85.7,12,1,CROSS=EMA9<EMA21;TREND=0;STRUCT=1;VOL=1;COOL=1;EMA50=1;VWAP=1;BIAS=1,0.00,0.00,24343.60,24343.60,outside the killzone window
129,2026.07.15 17:00:00,2026.07.15 19:30:00,SKIP,XAUUSD,M15,12,FLAT,NA,EVENING,0,0.00,0.00,0.00,0.00,1.00,0.00,0.00,0.00,0.00,0.00,0.00,0.00,0.00,0.00,0.00,0.00,0.00,0.00,4040.60,4040.50,4045.15,4039.74,4040.07,-0.525,8.86,42.24,66.59,58.74,8.02,4.59,3.43,4040.99,4061.68,11469,6081,100.0,0.0,10,1,CROSS=EMA9<EMA21;TREND=0;STRUCT=1;VOL=1;COOL=1;EMA50=1;VWAP=1;BIAS=1,0.00,0.00,24343.60,24343.60,outside the killzone window
130,2026.07.16 07:30:00,2026.07.16 10:00:00,SKIP,XAUUSD,M15,12,FLAT,NA,DAY,0,0.00,0.00,0.00,0.00,1.00,0.00,0.00,0.00,0.00,0.00,0.00,0.00,0.00,0.00,0.00,0.00,0.00,0.00,4045.41,4045.58,4046.83,4045.88,4045.82,-0.175,7.11,38.70,39.83,47.83,-5.40,-6.02,0.62,4043.12,4033.88,2346,4889,14.3,71.4,12,1,CROSS=EMA9<EMA21;TREND=0;STRUCT=1;VOL=1;COOL=1;EMA50=1;VWAP=1;BIAS=1,0.00,0.00,24343.60,24343.60,outside the killzone window
131,2026.07.17 21:15:00,2026.07.17 23:45:00,SKIP,XAUUSD,M15,12,FLAT,NA,EVENING,0,0.00,0.00,0.00,0.00,1.00,0.00,0.00,0.00,0.00,0.00,0.00,0.00,0.00,0.00,0.00,0.00,0.00,0.00,4000.02,3999.89,4008.98,3999.60,3999.67,-1.259,7.22,26.73,57.41,46.59,5.62,6.94,-1.32,3993.63,4010.48,5043,10975,57.1,28.6,5,1,CROSS=EMA9<EMA21;TREND=0;STRUCT=1;VOL=1;COOL=1;EMA50=1;VWAP=1;BIAS=1,0.00,0.00,24343.60,24343.60,outside the killzone window
132,2026.07.21 02:30:00,2026.07.21 05:00:00,SKIP,XAUUSD,M15,12,FLAT,NA,DAY,0,0.00,0.00,0.00,0.00,1.00,0.00,0.00,0.00,0.00,0.00,0.00,0.00,0.00,0.00,0.00,0.00,0.00,0.00,4009.15,4009.20,4010.12,4009.37,4009.31,-0.164,5.62,15.96,44.25,45.57,-1.81,-1.31,-0.49,4005.45,4003.76,2468,3526,0.0,71.4,5,1,CROSS=EMA9<EMA21;TREND=0;STRUCT=1;VOL=1;COOL=1;EMA50=1;VWAP=1;BIAS=1,0.00,0.00,24343.60,24343.60,outside the killzone window
133,2026.07.21 03:30:00,2026.07.21 06:00:00,SKIP,XAUUSD,M15,12,FLAT,NA,DAY,0,0.00,0.00,0.00,0.00,1.00,0.00,0.00,0.00,0.00,0.00,0.00,0.00,0.00,0.00,0.00,0.00,0.00,0.00,4009.42,4009.33,4010.15,4009.19,4009.21,-0.144,5.70,22.26,59.75,60.79,0.00,-1.16,1.17,4008.01,4015.10,6893,3830,85.7,0.0,12,1,CROSS=EMA9>EMA21;TREND=0;STRUCT=1;VOL=1;COOL=1;EMA50=1;VWAP=1;BIAS=1,0.00,0.00,24343.60,24343.60,quality filter
134,2026.07.23 12:15:00,2026.07.23 14:45:00,SKIP,XAUUSD,M15,12,FLAT,NA,DAY,0,0.00,0.00,0.00,0.00,1.00,0.00,0.00,0.00,0.00,0.00,0.00,0.00,0.00,0.00,0.00,0.00,0.00,0.00,4117.63,4118.03,4102.42,4118.55,4118.49,1.922,8.12,40.45,29.88,43.03,-9.12,-6.95,-2.17,4119.14,4094.95,5340,5167,14.3,85.7,10,1,CROSS=EMA9>EMA21;TREND=0;STRUCT=1;VOL=1;COOL=1;EMA50=1;VWAP=1;BIAS=1,0.00,0.00,24343.60,24343.60,outside the killzone window
135,2026.07.27 01:45:00,2026.07.27 04:15:00,SKIP,XAUUSD,M15,12,FLAT,NA,DAY,0,0.00,0.00,0.00,0.00,1.00,0.00,0.00,0.00,0.00,0.00,0.00,0.00,0.00,0.00,0.00,0.00,0.00,0.00,4060.95,4060.61,4066.71,4059.71,4059.99,-0.784,7.78,32.06,70.61,78.56,4.38,-0.61,4.99,4089.36,4091.24,3771,4664,85.7,0.0,10,1,CROSS=EMA9>EMA21;TREND=0;STRUCT=1;VOL=1;COOL=1;EMA50=1;VWAP=1;BIAS=1,0.00,0.00,24343.60,24343.60,outside the killzone window
136,2026.07.28 02:45:00,2026.07.28 05:15:00,SKIP,XAUUSD,M15,12,FLAT,NA,DAY,0,0.00,0.00,0.00,0.00,1.00,0.00,0.00,0.00,0.00,0.00,0.00,0.00,0.00,0.00,0.00,0.00,0.00,0.00,4080.14,4080.30,4078.41,4080.47,4080.46,0.465,4.06,26.34,39.72,36.96,-2.15,-1.41,-0.73,4074.67,4072.08,1031,2924,0.0,85.7,12,1,CROSS=EMA9>EMA21;TREND=0;STRUCT=1;VOL=1;COOL=1;EMA50=1;VWAP=1;BIAS=1,0.00,0.00,24343.60,24343.60,outside the killzone window
137,2026.07.29 22:00:00,2026.07.30 00:30:00,SKIP,XAUUSD,M15,12,FLAT,NA,DAY,0,0.00,0.00,0.00,0.00,1.00,0.00,0.00,0.00,0.00,0.00,0.00,0.00,0.00,0.00,0.00,0.00,0.00,0.00,4033.73,4033.27,4040.50,4030.75,4031.78,-0.436,16.57,55.17,78.97,78.16,16.57,6.04,10.53,4034.78,4106.76,32359,14234,100.0,0.0,5,1,CROSS=EMA9>EMA21;TREND=0;STRUCT=1;VOL=1;COOL=1;EMA50=1;VWAP=1;BIAS=1,0.00,0.00,24343.60,24343.60,outside the killzone window
138,2026.07.31 12:15:00,2026.07.31 14:45:00,SKIP,XAUUSD,M15,12,FLAT,NA,DAY,0,0.00,0.00,0.00,0.00,1.00,0.00,0.00,0.00,0.00,0.00,0.00,0.00,0.00,0.00,0.00,0.00,0.00,0.00,4079.81,4079.82,4072.22,4080.75,4080.28,1.128,6.74,39.10,27.32,34.17,-7.07,-5.13,-1.93,4080.90,4056.85,8012,4781,0.0,100.0,5,1,CROSS=EMA9>EMA21;TREND=0;STRUCT=1;VOL=1;COOL=1;EMA50=1;VWAP=1;BIAS=1,0.00,0.00,24343.60,24343.60,outside the killzone window
139,2026.08.04 07:45:00,2026.08.04 10:15:00,SKIP,XAUUSD,M15,12,FLAT,NA,DAY,0,0.00,0.00,0.00,0.00,1.00,0.00,0.00,0.00,0.00,0.00,0.00,0.00,0.00,0.00,0.00,0.00,0.00,0.00,4052.93,4052.87,4055.72,4052.53,4052.67,-0.505,5.64,21.69,60.51,62.47,2.31,2.35,-0.04,4055.70,4062.79,1878,3889,57.1,14.3,6,1,CROSS=EMA9>EMA21;TREND=0;STRUCT=1;VOL=1;COOL=1;EMA50=1;VWAP=1;BIAS=1,0.00,0.00,24343.60,24343.60,outside the killzone window
140,2026.08.13 09:45:00,2026.08.13 12:15:00,SKIP,XAUUSD,M15,12,FLAT,NA,DAY,0,0.00,0.00,0.00,0.00,1.00,0.00,0.00,0.00,0.00,0.00,0.00,0.00,0.00,0.00,0.00,0.00,0.00,0.00,4403.70,4403.97,4392.94,4404.91,4404.57,1.352,8.16,38.37,29.69,32.44,-8.83,-5.54,-3.30,4406.59,4374.19,7423,6409,0.0,100.0,8,1,CROSS=EMA9>EMA21;TREND=0;STRUCT=1;VOL=1;COOL=1;EMA50=1;VWAP=1;BIAS=1,0.00,0.00,24343.60,24343.60,outside the killzone window
141,2026.08.14 18:00:00,2026.08.14 20:30:00,SKIP,XAUUSD,M15,12,FLAT,NA,EVENING,0,0.00,0.00,0.00,0.00,1.00,0.00,0.00,0.00,0.00,0.00,0.00,0.00,0.00,0.00,0.00,0.00,0.00,0.00,4359.91,4359.70,4366.58,4359.03,4359.26,-0.685,10.06,59.77,60.90,48.39,11.00,11.05,-0.05,4351.20,4381.49,6886,7367,57.1,28.6,5,1,CROSS=EMA9>EMA21;TREND=0;STRUCT=1;VOL=1;COOL=1;EMA50=1;VWAP=1;BIAS=1,0.00,0.00,24343.60,24343.60,outside the killzone window
142,2026.08.18 12:45:00,2026.08.18 15:15:00,SKIP,XAUUSD,M15,12,FLAT,NA,DAY,0,0.00,0.00,0.00,0.00,1.00,0.00,0.00,0.00,0.00,0.00,0.00,0.00,0.00,0.00,0.00,0.00,0.00,0.00,4400.64,4400.80,4394.74,4401.14,4401.05,1.028,5.89,16.50,38.84,40.83,-3.27,-2.74,-0.53,4404.86,4388.51,3975,3898,0.0,85.7,5,1,CROSS=EMA9>EMA21;TREND=0;STRUCT=1;VOL=1;COOL=1;EMA50=1;VWAP=1;BIAS=1,0.00,0.00,24343.60,24343.60,outside the killzone window
143,2026.08.19 16:15:00,2026.08.19 18:45:00,ENTRY,XAUUSD,M15,14,BUY,FULLTGT,EVENING,0,4456.37,4430.44,4430.44,25.93,1.00,25.93,4482.30,4508.23,4534.16,4560.09,4586.02,0.04,0.04,0.04,4456.37,0.00,0.00,0.00,4367.51,4367.28,4373.39,4363.89,4365.48,-0.471,12.96,57.08,87.97,84.11,17.74,7.58,10.16,4366.11,4456.26,22759,7213,100.0,0.0,10,1,CROSS=EMA9>EMA21;TREND=1;STRUCT=1;VOL=1;COOL=1;EMA50=1;VWAP=1;BIAS=1,0.00,0.00,24343.46,24343.06,KZ=NY; KZR=Asia H @ 4449.85 0 bars ago (high taken); EVENING 4PM-12AM IST session: stop x1.00 of usual; no partials; full size to TP5; SL steps BE->TP1->TP2->TP3
144,2026.08.19 17:25:52,2026.08.19 19:55:52,TP1_REACHED,XAUUSD,M15,14,BUY,FULLTGT,EVENING,0,4456.37,4430.44,4430.44,25.93,1.00,25.93,4482.30,4508.23,4534.16,4560.09,4586.02,0.04,0.00,0.04,4482.30,1.00,1.00,0.00,4381.69,4374.66,4376.91,4377.92,4372.65,-0.134,16.84,58.33,89.29,76.91,28.57,16.53,12.05,4387.19,4473.92,26081,11329,100.0,0.0,8,1,CROSS=EMA9>EMA21;TREND=1;STRUCT=1;VOL=1;COOL=1;EMA50=1;VWAP=1;BIAS=1,1.00,-0.54,24343.46,24447.38,full target: no partial booked
145,2026.08.19 22:32:37,2026.08.20 01:02:37,TP2_REACHED,XAUUSD,M15,14,BUY,FULLTGT,DAY,0,4456.37,4430.44,4430.44,25.93,1.00,25.93,4482.30,4508.23,4534.16,4560.09,4586.02,0.04,0.00,0.04,4508.23,2.00,2.00,0.00,4444.15,4414.66,4398.55,4441.58,4412.79,1.790,9.00,31.66,73.58,68.73,18.03,20.98,-2.94,4426.07,4507.00,11637,12661,71.4,14.3,5,1,CROSS=EMA9>EMA21;TREND=1;STRUCT=1;VOL=1;COOL=1;EMA50=1;VWAP=1;BIAS=1,2.00,-0.54,24343.46,24550.90,full target: no partial booked
146,2026.08.20 18:02:36,2026.08.20 20:32:36,TP3_REACHED,XAUUSD,M15,14,BUY,FULLTGT,EVENING,0,4456.37,4430.44,4430.44,25.93,1.00,25.93,4482.30,4508.23,4534.16,4560.09,4586.02,0.04,0.00,0.04,4534.16,3.00,3.00,0.00,4485.27,4473.05,4447.50,4484.01,4472.18,2.024,12.62,29.72,69.85,78.50,2.68,-3.10,5.79,4489.13,4516.03,11458,10438,100.0,0.0,10,1,CROSS=EMA9>EMA21;TREND=1;STRUCT=1;VOL=1;COOL=1;EMA50=1;VWAP=1;BIAS=1,2.99,-0.54,24343.46,24647.35,full target: no partial booked
147,2026.08.21 09:33:15,2026.08.21 12:03:15,TP4_REACHED,XAUUSD,M15,14,BUY,FULLTGT,DAY,0,4456.37,4430.44,4430.44,25.93,1.00,25.93,4482.30,4508.23,4534.16,4560.09,4586.02,0.04,0.00,0.04,4560.09,4.00,4.00,0.00,4527.18,4511.34,4482.65,4526.02,4510.45,3.451,8.31,20.73,63.85,63.87,7.05,5.72,1.33,4529.87,4555.54,5871,4925,85.7,0.0,6,1,CROSS=EMA9>EMA21;TREND=1;STRUCT=1;VOL=1;COOL=1;EMA50=1;VWAP=1;BIAS=1,4.00,-0.54,24343.46,24748.42,full target: no partial booked
148,2026.08.21 12:04:59,2026.08.21 14:34:59,TP5_EXIT,XAUUSD,M15,14,BUY,FULLTGT,DAY,0,4456.37,4430.44,4430.44,25.93,1.00,25.93,4482.30,4508.23,4534.16,4560.09,4586.02,0.04,0.04,0.00,4586.03,5.00,5.00,0.00,4541.17,4521.82,4490.86,4539.42,4520.56,3.227,9.59,39.39,76.52,71.01,12.57,10.20,2.37,4539.62,4584.02,4487,5226,85.7,0.0,9,1,CROSS=EMA9>EMA21;TREND=1;STRUCT=1;VOL=1;COOL=1;EMA50=1;VWAP=1;BIAS=1,5.00,-0.54,24851.84,24851.84,full target reached; closed in full
149,2026.08.21 12:05:00,2026.08.21 14:35:00,EXIT_TP,XAUUSD,M15,14,BUY,FULLTGT,DAY,0,4456.37,4430.44,4430.44,25.93,1.00,25.93,4482.30,4508.23,4534.16,4560.09,4586.02,0.04,0.04,0.00,4586.03,0.00,5.00,508.24,4541.17,4521.82,4490.86,4539.42,4520.56,3.227,9.59,39.39,76.52,72.61,12.57,10.20,2.37,4539.62,4584.02,4487,5226,85.7,0.0,9,1,CROSS=EMA9>EMA21;TREND=1;STRUCT=1;VOL=1;COOL=1;EMA50=1;VWAP=1;BIAS=1,5.00,-0.54,24851.84,24851.84,TP5 exit
150,2026.08.24 01:00:00,2026.08.24 03:30:00,DAY_SUMMARY,XAUUSD,M15,14,FLAT,NA,DAY,0,0.00,0.00,0.00,0.00,1.00,0.00,0.00,0.00,0.00,0.00,0.00,0.00,0.00,0.00,0.00,0.00,5.00,508.24,4598.80,4573.59,4534.01,4598.62,4573.00,7.057,5.61,31.26,42.67,24.08,3.03,7.07,-4.04,4580.50,4603.23,2832,7887,42.9,42.9,12,1,CROSS=EMA9>EMA21;TREND=1;STRUCT=1;VOL=1;COOL=1;EMA50=1;VWAP=1;BIAS=1,0.00,0.00,24851.84,24851.84,2026.08.21 trades=1 W=1 L=0 gross_profit=508.24 gross_loss=0.00 net=508.24 PF=0.00
151,2026.08.24 01:00:00,2026.08.24 03:30:00,WEEK_SUMMARY,XAUUSD,M15,14,FLAT,NA,DAY,0,0.00,0.00,0.00,0.00,1.00,0.00,0.00,0.00,0.00,0.00,0.00,0.00,0.00,0.00,0.00,0.00,5.00,508.24,4598.80,4573.59,4534.01,4598.62,4573.00,7.057,5.61,31.26,42.67,24.08,3.03,7.07,-4.04,4580.50,4603.23,2832,7887,42.9,42.9,12,1,CROSS=EMA9>EMA21;TREND=1;STRUCT=1;VOL=1;COOL=1;EMA50=1;VWAP=1;BIAS=1,0.00,0.00,24851.84,24851.84,days=1 trades=1 W=1 L=0 gross_profit=508.24 gross_loss=0.00 net=508.24 PF=0.00 pips=12966.0
152,2026.08.25 16:30:00,2026.08.25 19:00:00,SKIP,XAUUSD,M15,14,FLAT,NA,EVENING,0,0.00,0.00,0.00,0.00,1.00,0.00,0.00,0.00,0.00,0.00,0.00,0.00,0.00,0.00,0.00,0.00,0.00,0.00,4639.42,4639.92,4620.70,4640.63,4640.53,2.254,8.53,22.92,29.52,27.04,-3.25,-0.71,-2.55,4646.59,4609.78,13653,6833,0.0,85.7,10,1,CROSS=EMA9<EMA21;TREND=0;STRUCT=1;VOL=1;COOL=1;EMA50=1;VWAP=1;BIAS=1,0.00,0.00,24851.84,24851.84,quality filter
153,2026.08.25 21:30:00,2026.08.26 00:00:00,SKIP,XAUUSD,M15,14,FLAT,NA,DAY,0,0.00,0.00,0.00,0.00,1.00,0.00,0.00,0.00,0.00,0.00,0.00,0.00,0.00,0.00,0.00,0.00,0.00,0.00,4639.84,4639.72,4623.99,4639.43,4639.52,1.708,9.21,18.32,58.34,60.61,3.20,2.50,0.70,4642.44,4649.98,4910,11265,71.4,0.0,5,1,CROSS=EMA9<EMA21;TREND=0;STRUCT=1;VOL=1;COOL=1;EMA50=1;VWAP=1;BIAS=1,0.00,0.00,24851.84,24851.84,outside the killzone window
154,2026.08.26 10:30:00,2026.08.26 13:00:00,SKIP,XAUUSD,M15,14,FLAT,NA,DAY,0,0.00,0.00,0.00,0.00,1.00,0.00,0.00,0.00,0.00,0.00,0.00,0.00,0.00,0.00,0.00,0.00,0.00,0.00,4644.99,4645.05,4633.77,4645.55,4645.32,1.885,5.98,25.18,38.81,40.58,-4.93,-4.21,-0.72,4647.00,4631.38,4264,4969,0.0,85.7,5,1,CROSS=EMA9<EMA21;TREND=0;STRUCT=1;VOL=1;COOL=1;EMA50=1;VWAP=1;BIAS=1,0.00,0.00,24851.84,24851.84,outside the killzone window
155,2026.09.01 01:00:00,2026.09.01 03:30:00,MONTH_SUMMARY,XAUUSD,M15,14,FLAT,NA,DAY,0,0.00,0.00,0.00,0.00,1.00,0.00,0.00,0.00,0.00,0.00,0.00,0.00,0.00,0.00,0.00,0.00,5.00,508.24,4441.15,4456.88,4493.86,4440.83,4457.04,-6.379,5.80,21.39,59.34,62.75,3.23,0.77,2.46,4437.94,4448.98,1752,7685,57.1,14.3,12,1,CROSS=EMA9<EMA21;TREND=0;STRUCT=1;VOL=1;COOL=1;EMA50=1;VWAP=1;BIAS=1,0.00,0.00,24851.84,24851.84,days=1 trades=1 W=1 L=0 gross_profit=508.24 gross_loss=0.00 net=508.24 PF=0.00 pips=12966.0
156,2026.09.02 21:00:00,2026.09.02 23:30:00,SKIP,XAUUSD,M15,14,FLAT,NA,EVENING,0,0.00,0.00,0.00,0.00,1.00,0.00,0.00,0.00,0.00,0.00,0.00,0.00,0.00,0.00,0.00,0.00,0.00,0.00,4350.26,4349.77,4376.72,4349.17,4349.22,-3.724,7.24,24.00,65.52,60.52,9.15,11.17,-2.02,4338.60,4376.99,9440,14032,57.1,14.3,5,1,CROSS=EMA9<EMA21;TREND=0;STRUCT=1;VOL=1;COOL=1;EMA50=1;VWAP=1;BIAS=1,0.00,0.00,24851.84,24851.84,outside the killzone window
157,2026.09.04 17:30:00,2026.09.04 20:00:00,SKIP,XAUUSD,M15,14,FLAT,NA,EVENING,0,0.00,0.00,0.00,0.00,1.00,0.00,0.00,0.00,0.00,0.00,0.00,0.00,0.00,0.00,0.00,0.00,0.00,0.00,4455.36,4455.46,4441.62,4456.43,4455.99,0.665,20.81,23.93,43.01,52.06,-14.09,-12.65,-1.44,4446.72,4429.07,21330,13537,14.3,71.4,10,1,CROSS=EMA9<EMA21;TREND=0;STRUCT=1;VOL=1;COOL=1;EMA50=1;VWAP=1;BIAS=1,0.00,0.00,24851.84,24851.84,outside the killzone window
158,2026.09.08 06:30:00,2026.09.08 09:00:00,SKIP,XAUUSD,M15,14,FLAT,NA,DAY,0,0.00,0.00,0.00,0.00,1.00,0.00,0.00,0.00,0.00,0.00,0.00,0.00,0.00,0.00,0.00,0.00,0.00,0.00,4417.58,4417.50,4421.54,4416.98,4417.21,-0.431,9.38,15.89,60.81,55.58,4.85,5.50,-0.65,4425.35,4432.15,6786,6678,71.4,14.3,6,1,CROSS=EMA9>EMA21;TREND=0;STRUCT=1;VOL=1;COOL=1;EMA50=1;VWAP=1;BIAS=1,0.00,0.00,24851.84,24851.84,already positioned that way
159,2026.09.08 10:30:00,2026.09.08 13:00:00,SKIP,XAUUSD,M15,14,FLAT,NA,DAY,0,0.00,0.00,0.00,0.00,1.00,0.00,0.00,0.00,0.00,0.00,0.00,0.00,0.00,0.00,0.00,0.00,0.00,0.00,4418.04,4418.13,4421.37,4418.71,4418.46,-0.383,8.47,32.69,35.75,34.10,-5.36,-1.17,-4.19,4422.36,4401.64,5746,6158,0.0,85.7,5,1,CROSS=EMA9>EMA21;TREND=0;STRUCT=1;VOL=1;COOL=1;EMA50=1;VWAP=1;BIAS=1,0.00,0.00,24851.84,24851.84,outside the killzone window
160,2026.09.09 14:30:00,2026.09.09 17:00:00,SKIP,XAUUSD,M15,14,FLAT,NA,EVENING,0,0.00,0.00,0.00,0.00,1.00,0.00,0.00,0.00,0.00,0.00,0.00,0.00,0.00,0.00,0.00,0.00,0.00,0.00,4391.13,4391.03,4398.42,4390.43,4390.68,-1.257,5.87,26.48,66.40,67.16,3.52,3.63,-0.11,4382.59,4408.32,4366,4552,71.4,14.3,5,1,CROSS=EMA9>EMA21;TREND=0;STRUCT=1;VOL=1;COOL=1;EMA50=1;VWAP=1;BIAS=1,0.00,0.00,24851.84,24851.84,outside the killzone window
161,2026.09.10 14:30:00,2026.09.10 17:00:00,SKIP,XAUUSD,M15,14,FLAT,NA,EVENING,0,0.00,0.00,0.00,0.00,1.00,0.00,0.00,0.00,0.00,0.00,0.00,0.00,0.00,0.00,0.00,0.00,0.00,0.00,4402.68,4402.75,4402.81,4403.37,4403.09,-0.007,8.14,28.86,36.36,45.72,-7.34,-5.81,-1.53,4405.71,4385.89,7932,6627,14.3,85.7,10,1,CROSS=EMA9>EMA21;TREND=0;STRUCT=1;VOL=1;COOL=1;EMA50=1;VWAP=1;BIAS=1,0.00,0.00,24851.84,24851.84,outside the killzone window
162,2026.09.11 18:15:00,2026.09.11 20:45:00,SKIP,XAUUSD,M15,14,FLAT,NA,EVENING,0,0.00,0.00,0.00,0.00,1.00,0.00,0.00,0.00,0.00,0.00,0.00,0.00,0.00,0.00,0.00,0.00,0.00,0.00,4354.19,4354.18,4365.12,4353.85,4354.01,-0.548,19.96,24.19,50.42,40.80,8.82,10.79,-1.97,4350.13,4362.44,14231,15828,42.9,28.6,10,1,CROSS=EMA9>EMA21;TREND=0;STRUCT=1;VOL=1;COOL=1;EMA50=1;VWAP=1;BIAS=1,0.00,0.00,24851.84,24851.84,outside the killzone window
163,2026.09.11 23:15:00,2026.09.12 01:45:00,SKIP,XAUUSD,M15,14,FLAT,NA,DAY,0,0.00,0.00,0.00,0.00,1.00,0.00,0.00,0.00,0.00,0.00,0.00,0.00,0.00,0.00,0.00,0.00,0.00,0.00,4354.77,4354.81,4363.57,4355.03,4354.94,-1.292,6.78,33.62,43.52,46.25,-3.83,-2.62,-1.21,4351.96,4348.39,3131,8953,0.0,85.7,5,1,CROSS=EMA9>EMA21;TREND=0;STRUCT=1;VOL=1;COOL=1;EMA50=1;VWAP=1;BIAS=1,0.00,0.00,24851.84,24851.84,outside the killzone window
164,2026.09.16 06:30:00,2026.09.16 09:00:00,SKIP,XAUUSD,M15,14,FLAT,NA,DAY,0,0.00,0.00,0.00,0.00,1.00,0.00,0.00,0.00,0.00,0.00,0.00,0.00,0.00,0.00,0.00,0.00,0.00,0.00,4295.38,4294.94,4304.07,4293.88,4294.19,-0.919,9.93,36.36,72.37,75.81,8.25,1.17,7.08,4299.68,4332.03,8741,5778,85.7,14.3,11,1,CROSS=EMA9>EMA21;TREND=1;STRUCT=1;VOL=1;COOL=1;EMA50=1;VWAP=1;BIAS=1,0.00,0.00,24851.84,24851.84,already positioned that way
165,2026.09.16 23:45:00,2026.09.17 02:15:00,SKIP,XAUUSD,M15,14,FLAT,NA,DAY,0,0.00,0.00,0.00,0.00,1.00,0.00,0.00,0.00,0.00,0.00,0.00,0.00,0.00,0.00,0.00,0.00,0.00,0.00,4315.74,4316.68,4315.39,4317.92,4317.78,0.051,25.44,15.51,32.05,39.42,-22.40,-17.50,-4.90,4311.94,4262.32,4712,20795,0.0,71.4,40,1,CROSS=EMA9>EMA21;TREND=1;STRUCT=1;VOL=1;COOL=1;EMA50=1;VWAP=1;BIAS=1,0.00,0.00,24851.84,24851.84,outside the killzone window
166,2026.09.17 14:15:00,2026.09.17 16:45:00,SKIP,XAUUSD,M15,14,FLAT,NA,EVENING,0,0.00,0.00,0.00,0.00,1.00,0.00,0.00,0.00,0.00,0.00,0.00,0.00,0.00,0.00,0.00,0.00,0.00,0.00,4307.96,4307.48,4309.11,4306.97,4306.98,-0.192,8.53,24.65,65.33,69.34,5.09,4.31,0.77,4299.61,4332.11,9593,6474,85.7,0.0,9,1,CROSS=EMA9>EMA21;TREND=1;STRUCT=1;VOL=1;COOL=1;EMA50=1;VWAP=1;BIAS=1,0.00,0.00,24851.84,24851.84,outside the killzone window
167,2026.09.21 10:00:00,2026.09.21 12:30:00,SKIP,XAUUSD,M15,14,FLAT,NA,DAY,0,0.00,0.00,0.00,0.00,1.00,0.00,0.00,0.00,0.00,0.00,0.00,0.00,0.00,0.00,0.00,0.00,0.00,0.00,4365.21,4365.41,4356.42,4365.69,4365.65,1.290,6.97,31.12,41.42,48.72,-5.34,-4.95,-0.39,4365.44,4353.48,6928,5543,14.3,85.7,7,1,CROSS=EMA9>EMA21;TREND=1;STRUCT=1;VOL=1;COOL=1;EMA50=1;VWAP=1;BIAS=1,0.00,0.00,24851.84,24851.84,outside the killzone window
168,2026.09.22 23:15:00,2026.09.23 01:45:00,SKIP,XAUUSD,M15,14,FLAT,NA,DAY,0,0.00,0.00,0.00,0.00,1.00,0.00,0.00,0.00,0.00,0.00,0.00,0.00,0.00,0.00,0.00,0.00,0.00,0.00,4340.49,4340.47,4343.86,4339.72,4340.09,-0.437,7.74,40.65,60.28,52.88,8.70,7.20,1.50,4335.19,4359.36,3242,8377,85.7,0.0,5,1,CROSS=EMA9>EMA21;TREND=1;STRUCT=1;VOL=1;COOL=1;EMA50=1;VWAP=1;BIAS=1,0.00,0.00,24851.84,24851.84,outside the killzone window
169,2026.09.23 09:30:00,2026.09.23 12:00:00,SKIP,XAUUSD,M15,14,FLAT,NA,DAY,0,0.00,0.00,0.00,0.00,1.00,0.00,0.00,0.00,0.00,0.00,0.00,0.00,0.00,0.00,0.00,0.00,0.00,0.00,4343.59,4343.63,4345.00,4344.19,4343.93,-0.265,5.18,36.27,33.90,31.29,-4.57,-3.19,-1.38,4346.45,4328.84,5114,4156,0.0,100.0,7,1,CROSS=EMA9>EMA21;TREND=1;STRUCT=1;VOL=1;COOL=1;EMA50=1;VWAP=1;BIAS=1,0.00,0.00,24851.84,24851.84,outside the killzone window
170,2026.09.25 13:00:00,2026.09.25 15:30:00,SKIP,XAUUSD,M15,14,FLAT,NA,DAY,0,0.00,0.00,0.00,0.00,1.00,0.00,0.00,0.00,0.00,0.00,0.00,0.00,0.00,0.00,0.00,0.00,0.00,0.00,4278.71,4278.40,4287.68,4278.05,4278.07,-1.485,6.25,36.20,65.45,59.64,5.28,3.10,2.19,4279.31,4294.83,7868,7580,100.0,0.0,11,1,CROSS=EMA9>EMA21;TREND=1;STRUCT=1;VOL=1;COOL=1;EMA50=1;VWAP=1;BIAS=1,0.00,0.00,24851.84,24851.84,outside the killzone window
